duration,protocol_type,service,src_bytes,dst_bytes,attack_type,label
1.5051,0,1,185,594,normal,0
0.3074,0,0,194,1813,normal,0
0.6401,1,0,1019,2452,normal,0
0.4729,0,0,538,1210,normal,0
0.0239,1,0,1021,2862,normal,0
0.241,1,1,710,2196,normal,0
0.0067,1,1,840,3545,normal,0
0.5764,0,0,572,903,normal,0
1.2002,0,2,1089,1149,normal,0
0.3956,0,3,793,1707,normal,0
0.2252,0,4,469,94,honeypot_probe,1
0.0093,0,4,1950,61,honeypot_probe,1
0.2461,0,2,280,891,normal,0
0.1615,0,0,584,1495,normal,0
0.1737,0,0,455,1826,normal,0
0.0093,0,3,50,27,ddos_attack,1
0.0976,0,4,1129,32,honeypot_probe,1
0.1862,0,2,789,1698,normal,0
0.0637,0,2,1305,630,normal,0
0.0068,0,1,24,25,ddos_attack,1
0.0571,0,1,627,1148,normal,0
1.1906,0,1,1258,668,normal,0
0.0401,0,0,641,2857,normal,0
0.01,0,3,37,43,ddos_attack,1
1.1154,0,2,1435,1624,normal,0
0.0583,0,1,691,1100,normal,0
0.0007,0,4,1679,26,honeypot_probe,1
0.1256,0,0,1461,3871,normal,0
0.607,0,3,627,1419,normal,0
0.3438,0,0,1168,826,normal,0
0.3493,0,0,1312,2560,normal,0
0.0783,0,3,310,963,normal,0
0.2307,0,2,947,3809,normal,0
0.3837,0,2,1211,314,normal,0
0.0208,0,2,466,1497,normal,0
0.1284,0,0,992,2087,normal,0
1.3802,0,0,536,2097,normal,0
0.2098,0,4,1834,6,honeypot_probe,1
0.017,0,1,58,1,ddos_attack,1
0.3364,0,4,652,36,honeypot_probe,1
0.0209,0,4,1456,98,honeypot_probe,1
0.0188,0,3,63,55,ddos_attack,1
0.1903,0,4,1848,71,honeypot_probe,1
0.0111,0,1,57,61,ddos_attack,1
0.3637,0,4,1113,81,honeypot_probe,1
0.2975,1,0,864,525,normal,0
0.6862,0,2,464,767,normal,0
0.0492,0,0,813,1821,normal,0
0.0499,0,4,637,7,honeypot_probe,1
0.7919,0,1,1023,1632,normal,0
0.6409,0,0,1136,3711,normal,0
1.4105,1,3,162,4091,normal,0
1.3178,0,3,1186,827,normal,0
0.0349,0,4,1180,31,honeypot_probe,1
0.0381,0,4,327,17,honeypot_probe,1
1.3756,0,1,689,3487,normal,0
0.0044,0,0,51,1,ddos_attack,1
0.9441,0,2,1126,1628,normal,0
0.2722,0,1,891,1657,normal,0
0.4943,0,0,463,2829,normal,0
0.0412,0,4,1315,97,honeypot_probe,1
0.4317,0,1,638,3389,normal,0
0.4468,0,0,901,3982,normal,0
0.0679,0,2,1067,3819,normal,0
0.0446,0,1,110,3042,normal,0
0.6475,1,1,720,247,normal,0
0.289,0,0,180,1981,normal,0
0.0119,0,0,10,46,ddos_attack,1
0.3984,0,2,960,3471,normal,0
0.5352,0,2,1163,281,normal,0
0.7091,0,0,1156,3246,normal,0
0.9671,0,1,281,2649,normal,0
0.3207,0,1,86,1913,normal,0
0.5041,0,1,825,3858,normal,0
0.9707,0,0,855,463,normal,0
0.0134,0,3,753,3874,normal,0
0.3065,0,3,1255,4041,normal,0
0.1601,0,1,1340,2674,normal,0
0.2052,0,1,1033,1753,normal,0
0.151,0,2,1162,540,normal,0
0.2706,1,1,520,3095,normal,0
0.0466,0,0,27,48,ddos_attack,1
0.0042,0,3,46,11,ddos_attack,1
0.6949,0,0,1360,4080,normal,0
0.8757,0,3,240,1763,normal,0
1.179,0,0,781,2910,normal,0
0.0852,0,4,1590,15,honeypot_probe,1
0.1735,0,2,1238,1295,normal,0
0.001,0,0,48,13,ddos_attack,1
0.2913,1,1,721,878,normal,0
0.7167,0,0,1261,1804,normal,0
0.2526,1,0,92,3364,normal,0
0.4353,1,3,574,3526,normal,0
0.14,0,4,1293,30,honeypot_probe,1
0.2374,0,0,102,3325,normal,0
0.0057,0,0,539,583,normal,0
0.5238,0,1,253,632,normal,0
0.1682,1,0,197,2233,normal,0
1.7513,0,3,949,3412,normal,0
0.0077,0,4,1450,18,honeypot_probe,1
0.074,0,4,1456,48,honeypot_probe,1
0.0061,0,1,63,2,ddos_attack,1
0.0047,0,4,1235,73,honeypot_probe,1
0.221,0,4,1171,23,honeypot_probe,1
0.1624,0,1,761,3515,normal,0
0.0405,1,3,565,3134,normal,0
0.1852,0,2,988,3084,normal,0
0.1729,0,4,1817,68,honeypot_probe,1
0.2709,1,3,940,1156,normal,0
0.2362,0,3,240,1930,normal,0
0.2397,1,2,168,3298,normal,0
0.0069,0,2,772,4062,normal,0
0.0244,0,1,62,36,ddos_attack,1
0.0047,0,0,18,45,ddos_attack,1
0.1606,0,3,551,1951,normal,0
0.1564,0,1,501,2293,normal,0
0.0037,0,3,53,4,ddos_attack,1
0.7847,0,1,982,3406,normal,0
0.0102,0,3,48,37,ddos_attack,1
1.9677,0,1,1422,3034,normal,0
0.648,0,1,1422,1147,normal,0
0.3708,0,2,201,2359,normal,0
0.0146,0,0,14,33,ddos_attack,1
0.2134,0,1,174,888,normal,0
0.4395,0,2,963,487,normal,0
0.0053,0,3,36,28,ddos_attack,1
0.0921,0,4,1274,18,honeypot_probe,1
0.0042,0,0,31,20,ddos_attack,1
0.3822,0,3,1165,1881,normal,0
0.0004,0,1,31,46,ddos_attack,1
0.0854,0,0,867,1408,normal,0
0.4548,1,1,119,853,normal,0
0.7135,0,2,729,653,normal,0
0.0714,0,2,426,1902,normal,0
1.0095,0,1,1279,1782,normal,0
0.0101,0,0,189,2987,normal,0
0.21,0,1,296,2284,normal,0
0.4388,0,1,1456,2923,normal,0
0.1669,0,1,378,1004,normal,0
1.3567,0,0,687,2691,normal,0
0.0092,0,4,549,94,honeypot_probe,1
0.9236,0,0,292,2723,normal,0
0.2269,0,4,667,91,honeypot_probe,1
0.0005,0,4,317,93,honeypot_probe,1
0.5523,1,1,1479,3225,normal,0
0.7337,0,0,787,352,normal,0
0.0075,0,1,23,63,ddos_attack,1
0.3527,1,0,322,3872,normal,0
0.3028,0,1,961,2188,normal,0
0.0009,0,0,18,16,ddos_attack,1
0.3204,0,2,1182,4016,normal,0
0.137,0,4,533,74,honeypot_probe,1
0.02,0,4,1770,0,honeypot_probe,1
0.0085,0,3,17,10,ddos_attack,1
0.0023,0,0,30,36,ddos_attack,1
0.0109,0,1,13,24,ddos_attack,1
0.0498,0,4,495,71,honeypot_probe,1
0.2366,0,0,1110,702,normal,0
0.1321,1,1,884,3815,normal,0
0.3914,0,0,1266,2729,normal,0
0.79,0,1,1318,1050,normal,0
0.0016,0,0,46,26,ddos_attack,1
0.0003,0,1,19,4,ddos_attack,1
0.0419,0,4,1005,12,honeypot_probe,1
0.9369,0,1,1244,3847,normal,0
0.1302,0,2,158,2802,normal,0
0.0078,0,0,14,19,ddos_attack,1
1.1954,0,1,878,473,normal,0
0.0166,0,4,340,61,honeypot_probe,1
0.1479,0,1,1067,483,normal,0
0.1561,0,4,326,91,honeypot_probe,1
0.0357,0,0,1384,3925,normal,0
0.0131,0,4,1836,20,honeypot_probe,1
0.1031,0,0,630,2546,normal,0
0.2546,0,0,376,244,normal,0
0.0607,0,3,449,3409,normal,0
1.2533,0,0,826,1330,normal,0
0.4309,0,0,1248,2352,normal,0
0.0033,0,0,59,20,ddos_attack,1
1.8554,0,1,405,2651,normal,0
0.102,0,0,1053,2390,normal,0
0.8042,0,1,1392,556,normal,0
0.9057,0,0,1458,3374,normal,0
0.3823,0,1,1010,958,normal,0
0.2035,0,2,841,1609,normal,0
0.0748,0,4,286,54,honeypot_probe,1
0.6293,0,0,822,1986,normal,0
0.5572,0,0,1326,3428,normal,0
0.5288,0,0,159,1239,normal,0
0.0194,0,3,13,51,ddos_attack,1
0.0023,0,0,57,17,ddos_attack,1
0.0447,0,0,1468,1042,normal,0
0.2736,1,2,809,3198,normal,0
0.4462,0,1,997,1407,normal,0
0.2865,0,3,917,1515,normal,0
1.0143,0,3,191,863,normal,0
0.0114,0,1,300,1432,normal,0
0.075,0,3,505,2204,normal,0
0.1589,0,3,105,1507,normal,0
0.0348,0,1,651,1750,normal,0
0.0754,0,0,794,295,normal,0
0.5013,0,1,1488,3097,normal,0
0.7368,0,1,1450,3904,normal,0
0.4621,0,1,1383,2186,normal,0
0.6348,0,1,161,182,normal,0
0.0276,0,1,42,57,ddos_attack,1
0.1521,0,0,1021,3706,normal,0
0.2034,0,0,776,2471,normal,0
0.0068,0,1,51,24,ddos_attack,1
0.8549,0,2,165,3041,normal,0
0.1889,0,3,1104,457,normal,0
0.0074,0,0,25,23,ddos_attack,1
0.0102,0,1,46,53,ddos_attack,1
1.9706,1,1,552,4076,normal,0
0.0005,0,1,26,22,ddos_attack,1
0.3205,0,0,200,3058,normal,0
0.3542,0,4,926,92,honeypot_probe,1
0.9904,0,0,678,1424,normal,0
0.0045,0,1,54,33,ddos_attack,1
0.0756,0,4,1185,54,honeypot_probe,1
0.4248,0,1,1045,1048,normal,0
0.0073,0,0,53,61,ddos_attack,1
0.3099,1,0,1228,1425,normal,0
0.1603,0,4,1262,45,honeypot_probe,1
0.7288,0,1,760,399,normal,0
0.414,0,4,465,29,honeypot_probe,1
0.2735,0,0,66,3628,normal,0
0.1693,0,0,495,832,normal,0
0.0046,0,4,598,48,honeypot_probe,1
0.0664,1,2,1002,3579,normal,0
1.0565,1,1,289,3352,normal,0
0.0007,0,0,38,62,ddos_attack,1
0.8879,0,0,888,2393,normal,0
1.5764,0,2,117,3246,normal,0
0.3652,0,1,482,2865,normal,0
2.8046,1,1,844,3319,normal,0
0.0004,0,3,46,33,ddos_attack,1
0.2481,0,1,1282,1048,normal,0
0.0036,0,4,1686,39,honeypot_probe,1
0.1329,0,4,1449,87,honeypot_probe,1
0.0025,0,0,977,581,normal,0
0.0116,0,4,995,68,honeypot_probe,1
0.0063,0,4,1524,95,honeypot_probe,1
1.185,0,2,103,4058,normal,0
0.1324,0,4,415,18,honeypot_probe,1
0.0281,0,4,770,58,honeypot_probe,1
0.2032,0,3,419,318,normal,0
0.0021,0,3,54,57,ddos_attack,1
1.0563,0,2,145,2531,normal,0
0.7066,0,0,1133,1818,normal,0
0.0999,0,4,1446,97,honeypot_probe,1
0.3882,0,0,477,3654,normal,0
1.6483,0,1,1309,2212,normal,0
1.3841,0,0,794,2367,normal,0
0.0007,0,1,10,21,ddos_attack,1
0.0234,1,3,348,843,normal,0
0.0014,0,1,16,28,ddos_attack,1
0.1955,0,2,633,2134,normal,0
0.1598,1,1,460,3688,normal,0
0.7919,0,0,1217,1838,normal,0
0.0106,0,0,26,61,ddos_attack,1
0.2831,1,1,147,3973,normal,0
0.0058,0,0,47,14,ddos_attack,1
0.0022,0,3,33,11,ddos_attack,1
0.3189,0,0,1048,1808,normal,0
0.0834,0,1,262,2562,normal,0
0.0035,0,3,12,19,ddos_attack,1
0.0066,0,0,26,61,ddos_attack,1
0.0056,0,0,31,53,ddos_attack,1
0.4461,0,3,784,199,normal,0
0.5704,0,3,229,1695,normal,0
0.0141,0,3,50,7,ddos_attack,1
0.0138,0,0,21,56,ddos_attack,1
0.0093,0,0,736,841,normal,0
0.0283,0,0,42,32,ddos_attack,1
0.0086,0,4,788,25,honeypot_probe,1
0.0712,0,2,206,3169,normal,0
0.5549,1,0,698,2053,normal,0
0.4793,0,0,779,1415,normal,0
0.0982,0,4,1307,61,honeypot_probe,1
0.3312,0,1,1477,3513,normal,0
0.0066,0,0,51,13,ddos_attack,1
0.0311,0,0,1388,1394,normal,0
1.8621,0,0,372,822,normal,0
0.0882,0,2,612,3551,normal,0
0.3399,0,1,508,2268,normal,0
0.1138,0,0,222,2105,normal,0
0.0055,0,0,53,61,ddos_attack,1
0.0041,0,4,1912,50,honeypot_probe,1
0.2887,0,1,641,2510,normal,0
0.0548,0,4,954,57,honeypot_probe,1
0.0237,0,4,1460,17,honeypot_probe,1
0.6605,0,2,815,605,normal,0
0.1356,1,0,900,3180,normal,0
0.0512,0,1,294,2136,normal,0
0.001,0,1,34,56,ddos_attack,1
0.9759,0,1,523,3875,normal,0
0.0605,0,4,1618,9,honeypot_probe,1
0.093,0,0,925,3560,normal,0
0.143,0,2,639,3061,normal,0
0.0187,0,2,228,2480,normal,0
0.0164,0,1,24,5,ddos_attack,1
0.0593,0,0,574,1444,normal,0
0.004,0,4,318,34,honeypot_probe,1
1.3581,0,1,1293,1163,normal,0
2.1574,1,0,280,3505,normal,0
0.0868,0,4,1407,42,honeypot_probe,1
0.5496,0,0,371,1487,normal,0
0.132,0,4,1231,84,honeypot_probe,1
0.5583,0,3,149,1326,normal,0
0.0182,0,3,19,29,ddos_attack,1
0.481,1,1,651,1114,normal,0
0.117,0,4,1000,0,honeypot_probe,1
0.5378,0,2,1307,1137,normal,0
0.1914,1,3,844,2760,normal,0
0.1703,0,2,1189,621,normal,0
0.0577,0,4,1705,81,honeypot_probe,1
0.0382,0,4,1588,74,honeypot_probe,1
0.1761,0,0,1152,3275,normal,0
0.4144,0,1,368,863,normal,0
0.1289,0,1,1037,3017,normal,0
0.0069,0,1,17,47,ddos_attack,1
0.0246,0,3,34,11,ddos_attack,1
0.3739,0,1,106,1071,normal,0
0.6869,0,1,84,534,normal,0
1.1351,0,3,778,178,normal,0
1.3624,0,0,1027,3183,normal,0
0.5545,1,1,1231,233,normal,0
0.6297,0,1,1432,477,normal,0
0.5715,0,1,1022,2487,normal,0
0.002,0,3,29,3,ddos_attack,1
0.8457,0,1,622,3066,normal,0
0.508,0,1,1113,648,normal,0
0.096,0,3,215,847,normal,0
0.1476,0,2,1147,3366,normal,0
0.001,0,1,42,54,ddos_attack,1
0.092,0,3,694,2836,normal,0
0.012,0,1,1247,1674,normal,0
0.2479,0,1,833,1471,normal,0
0.594,0,1,1254,3952,normal,0
0.2086,0,1,1189,2729,normal,0
0.1481,0,4,235,96,honeypot_probe,1
0.2564,0,0,1062,835,normal,0
0.8915,0,0,223,2324,normal,0
0.4492,0,0,121,3458,normal,0
0.0269,0,1,417,1622,normal,0
0.031,0,3,350,3502,normal,0
0.3837,0,1,975,3211,normal,0
0.5467,0,3,300,3478,normal,0
0.0827,1,3,427,2496,normal,0
0.0074,0,1,27,7,ddos_attack,1
0.0014,0,3,47,51,ddos_attack,1
0.0004,0,0,59,44,ddos_attack,1
0.0459,1,1,898,1331,normal,0
1.427,1,0,469,2318,normal,0
0.1907,0,4,689,11,honeypot_probe,1
0.0124,0,4,793,44,honeypot_probe,1
1.0518,1,2,1094,1075,normal,0
0.0039,0,0,36,1,ddos_attack,1
1.577,0,3,856,2428,normal,0
0.2561,0,4,1032,79,honeypot_probe,1
0.0019,0,1,50,5,ddos_attack,1
0.2291,0,0,600,3278,normal,0
0.0797,0,4,327,95,honeypot_probe,1
1.378,1,0,510,517,normal,0
0.0089,0,1,350,3186,normal,0
0.1065,0,1,753,1404,normal,0
0.1765,0,0,212,1480,normal,0
0.0031,0,0,25,59,ddos_attack,1
0.5015,0,0,1467,947,normal,0
0.5332,0,2,831,2172,normal,0
0.3728,0,0,661,3844,normal,0
0.2691,0,0,724,2825,normal,0
0.0021,0,1,22,20,ddos_attack,1
0.0099,0,0,46,44,ddos_attack,1
0.2321,0,1,371,1919,normal,0
0.335,0,0,657,871,normal,0
0.0095,0,3,51,20,ddos_attack,1
0.0143,0,4,391,16,honeypot_probe,1
0.0286,0,3,57,28,ddos_attack,1
1.3319,0,2,1371,842,normal,0
0.2442,0,0,1019,4054,normal,0
0.0814,0,1,164,1159,normal,0
0.0443,0,0,471,3682,normal,0
1.5675,0,1,429,3427,normal,0
0.7451,0,0,505,1412,normal,0
0.8876,0,1,1055,2543,normal,0
0.035,0,4,1991,24,honeypot_probe,1
0.1101,0,4,1162,48,honeypot_probe,1
0.151,0,3,182,317,normal,0
0.0389,0,4,1899,11,honeypot_probe,1
0.0605,0,3,1375,3487,normal,0
0.0014,0,0,49,17,ddos_attack,1
0.2327,0,1,1048,3825,normal,0
0.0275,0,4,1948,43,honeypot_probe,1
1.0899,0,0,1309,3830,normal,0
0.0299,0,4,1142,17,honeypot_probe,1
0.1249,1,2,301,774,normal,0
0.0277,0,2,1432,2709,normal,0
0.6509,0,2,499,410,normal,0
0.067,0,4,1630,87,honeypot_probe,1
0.2667,0,2,578,830,normal,0
0.0822,0,1,1368,3327,normal,0
0.0877,0,2,1348,642,normal,0
0.0104,0,4,1447,63,honeypot_probe,1
0.0023,0,1,55,38,ddos_attack,1
0.5822,0,1,995,2773,normal,0
0.0183,0,3,23,13,ddos_attack,1
0.0142,0,1,25,50,ddos_attack,1
0.0064,0,1,13,46,ddos_attack,1
0.6402,1,1,885,2151,normal,0
0.0148,0,0,1004,3219,normal,0
1.0368,0,2,399,2873,normal,0
0.4112,0,2,657,2066,normal,0
0.8716,0,0,469,791,normal,0
0.7683,0,2,82,559,normal,0
0.0653,0,0,894,1779,normal,0
0.8081,0,2,1205,1964,normal,0
0.5074,0,0,462,1861,normal,0
0.1375,0,4,336,89,honeypot_probe,1
0.102,0,0,1036,1770,normal,0
0.891,0,1,626,2932,normal,0
0.9577,0,1,112,3092,normal,0
0.3298,0,0,806,3494,normal,0
0.2871,0,2,1269,813,normal,0
0.0727,0,2,611,2900,normal,0
0.0294,0,0,226,2102,normal,0
0.0287,0,4,1623,53,honeypot_probe,1
0.9315,0,0,1315,1847,normal,0
0.4834,0,0,753,2138,normal,0
1.1505,0,2,1235,1623,normal,0
1.3809,0,1,959,2317,normal,0
0.0398,0,0,12,22,ddos_attack,1
0.4166,0,3,447,2059,normal,0
0.0606,0,0,553,3192,normal,0
0.0824,0,4,792,23,honeypot_probe,1
0.9836,0,0,240,656,normal,0
0.1282,0,1,85,3311,normal,0
0.0513,1,1,1173,715,normal,0
0.3592,0,1,306,1982,normal,0
0.2076,1,1,1155,2029,normal,0
0.0002,0,0,24,21,ddos_attack,1
0.1475,1,1,1113,1008,normal,0
0.0337,0,3,1184,1705,normal,0
0.0557,0,2,1265,1578,normal,0
0.0334,0,0,19,7,ddos_attack,1
0.7872,0,1,630,1032,normal,0
1.2331,0,0,531,3653,normal,0
0.0038,0,3,12,26,ddos_attack,1
2.0528,0,0,1087,3719,normal,0
0.1062,0,4,1842,3,honeypot_probe,1
0.0343,0,3,18,11,ddos_attack,1
0.0039,0,3,54,54,ddos_attack,1
0.6458,0,3,310,3839,normal,0
0.4102,0,2,993,3865,normal,0
0.6574,0,3,1459,3685,normal,0
0.6194,0,1,1006,1515,normal,0
0.2214,0,2,539,1949,normal,0
0.6224,0,0,1044,1826,normal,0
0.2138,0,2,1016,2454,normal,0
0.2172,0,1,994,416,normal,0
0.5638,0,2,219,1198,normal,0
0.9681,0,2,918,767,normal,0
0.5923,0,0,1278,660,normal,0
0.1812,0,3,523,3600,normal,0
0.0155,0,1,27,50,ddos_attack,1
0.1111,0,4,606,58,honeypot_probe,1
0.2962,0,3,903,2877,normal,0
1.8818,0,1,344,551,normal,0
0.025,0,0,57,56,ddos_attack,1
1.2083,0,2,1043,2348,normal,0
0.1297,0,4,962,18,honeypot_probe,1
0.0119,0,4,1133,52,honeypot_probe,1
0.0508,0,0,1463,2995,normal,0
0.4561,0,0,285,168,normal,0
1.166,1,2,1214,1406,normal,0
0.1369,0,0,1122,906,normal,0
0.1936,0,4,1990,20,honeypot_probe,1
0.89,0,0,1288,3644,normal,0
1.0146,0,3,1095,3500,normal,0
0.0009,0,3,55,46,ddos_attack,1
0.2084,0,0,596,4018,normal,0
0.7775,0,2,411,2715,normal,0
0.7726,1,0,1249,2522,normal,0
0.0071,0,1,15,21,ddos_attack,1
0.2246,0,0,1467,489,normal,0
0.0402,0,4,952,98,honeypot_probe,1
0.4718,0,0,716,828,normal,0
0.0038,0,0,955,3040,normal,0
0.8112,0,1,1450,4021,normal,0
0.0506,0,4,1772,48,honeypot_probe,1
0.0604,0,1,1128,1702,normal,0
0.6058,1,0,64,3367,normal,0
0.2647,1,2,1355,2620,normal,0
0.868,1,2,583,3352,normal,0
0.0262,0,0,913,1809,normal,0
0.2421,0,1,475,1063,normal,0
0.0007,0,0,24,40,ddos_attack,1
0.1104,0,4,304,73,honeypot_probe,1
0.4503,0,1,1205,2888,normal,0
1.0345,0,0,450,2063,normal,0
0.1715,0,4,467,34,honeypot_probe,1
0.0441,0,3,637,176,normal,0
0.3142,0,0,340,1589,normal,0
0.0517,0,4,1652,72,honeypot_probe,1
0.7779,0,2,258,1307,normal,0
0.7122,0,3,735,2169,normal,0
0.0139,0,1,1377,2615,normal,0
0.5189,0,2,622,3347,normal,0
0.3641,0,0,1070,1630,normal,0
0.0091,0,0,14,7,ddos_attack,1
0.1229,1,1,1475,1776,normal,0
0.3324,0,1,138,684,normal,0
0.0199,0,1,1321,3762,normal,0
0.7057,0,0,548,2297,normal,0
1.5609,0,3,849,2171,normal,0
0.0462,0,0,172,3935,normal,0
0.3898,0,1,737,492,normal,0
0.0179,0,0,51,33,ddos_attack,1
0.1082,0,0,1067,1684,normal,0
0.0816,0,4,1722,0,honeypot_probe,1
0.0749,0,1,202,1123,normal,0
2.5455,1,1,825,2962,normal,0
0.2514,0,1,227,2037,normal,0
1.6625,1,2,1227,2421,normal,0
0.7815,0,2,1107,2088,normal,0
0.2883,0,4,1752,18,honeypot_probe,1
0.0492,0,1,758,3961,normal,0
0.3695,0,1,778,831,normal,0
0.4305,1,3,145,731,normal,0
0.0145,0,1,54,34,ddos_attack,1
0.0579,1,1,944,2912,normal,0
0.0064,0,4,1546,58,honeypot_probe,1
1.7795,0,2,1201,2655,normal,0
0.0031,0,4,1789,9,honeypot_probe,1
0.1779,0,2,759,1437,normal,0
0.0009,0,4,218,7,honeypot_probe,1
0.0094,0,4,741,6,honeypot_probe,1
0.2091,0,0,204,1895,normal,0
0.1726,0,4,400,0,honeypot_probe,1
0.0095,0,0,18,33,ddos_attack,1
0.2617,0,0,1442,3783,normal,0
0.8257,1,0,146,1274,normal,0
0.1145,0,4,1880,33,honeypot_probe,1
0.0123,0,0,11,25,ddos_attack,1
0.175,0,0,967,1366,normal,0
0.0519,0,4,1250,92,honeypot_probe,1
0.9233,0,0,844,1684,normal,0
0.269,0,0,246,3222,normal,0
0.0605,0,4,1707,71,honeypot_probe,1
0.5068,0,1,1075,180,normal,0
0.008,0,1,22,58,ddos_attack,1
0.0032,0,0,23,33,ddos_attack,1
0.4965,0,2,1054,1392,normal,0
0.024,0,2,1430,1239,normal,0
0.0,0,0,38,27,ddos_attack,1
0.2233,0,2,491,1603,normal,0
0.0222,0,0,58,5,ddos_attack,1
1.6632,0,2,281,2076,normal,0
0.5008,0,0,86,3924,normal,0
0.011,0,3,53,10,ddos_attack,1
0.1212,0,4,1829,72,honeypot_probe,1
0.7612,0,0,1188,1653,normal,0
0.0694,0,4,1776,98,honeypot_probe,1
0.1172,0,1,955,1606,normal,0
0.0054,0,3,40,1,ddos_attack,1
0.5355,0,3,1187,2796,normal,0
0.0004,0,0,17,6,ddos_attack,1
0.668,1,0,603,2663,normal,0
0.4328,0,0,1400,2224,normal,0
0.3627,0,2,621,3724,normal,0
0.2058,0,0,1225,802,normal,0
0.259,0,1,604,298,normal,0
0.0043,0,4,1057,64,honeypot_probe,1
0.7436,0,1,761,2123,normal,0
0.0085,0,2,1221,3590,normal,0
0.1736,0,1,819,4024,normal,0
0.0007,0,1,1315,2798,normal,0
0.0079,0,3,32,24,ddos_attack,1
0.116,0,3,552,2332,normal,0
0.3309,0,1,1305,643,normal,0
0.286,0,4,1868,55,honeypot_probe,1
0.0786,0,4,1366,31,honeypot_probe,1
0.2276,0,0,425,3640,normal,0
0.7601,0,0,519,3559,normal,0
0.0179,0,4,690,64,honeypot_probe,1
1.2474,0,1,622,286,normal,0
0.0006,0,0,14,19,ddos_attack,1
0.2968,0,3,78,2911,normal,0
0.5691,0,0,661,2621,normal,0
0.3955,0,0,1053,1669,normal,0
0.1173,0,2,394,2508,normal,0
0.2487,0,0,643,2018,normal,0
0.261,1,1,1419,1290,normal,0
1.2591,0,0,217,1541,normal,0
0.7865,1,3,682,1962,normal,0
1.8929,0,0,71,2653,normal,0
0.0028,0,1,48,16,ddos_attack,1
0.4163,0,1,200,2596,normal,0
0.2208,1,0,234,1879,normal,0
0.002,0,1,57,26,ddos_attack,1
0.1411,0,3,1260,137,normal,0
0.0167,0,4,1470,26,honeypot_probe,1
0.0683,0,4,800,92,honeypot_probe,1
0.5045,0,0,1446,3802,normal,0
0.4865,1,1,756,3290,normal,0
0.9395,1,3,1491,3827,normal,0
0.9157,0,0,1280,1552,normal,0
0.569,0,1,1343,778,normal,0
0.2789,0,2,1196,827,normal,0
1.1704,0,1,525,2307,normal,0
0.022,0,1,54,28,ddos_attack,1
0.1753,0,0,538,3011,normal,0
1.058,0,0,1370,167,normal,0
0.6487,0,1,1091,4034,normal,0
0.3112,0,0,940,708,normal,0
0.3956,0,1,763,2741,normal,0
0.6421,0,0,1172,3516,normal,0
1.0717,0,0,907,3237,normal,0
0.0102,0,0,22,22,ddos_attack,1
1.1319,0,0,269,3384,normal,0
1.1611,0,3,567,1173,normal,0
0.4466,0,0,1001,3401,normal,0
0.1567,0,0,73,2901,normal,0
0.4601,0,2,980,3044,normal,0
0.3606,0,1,552,1022,normal,0
0.0119,0,1,15,0,ddos_attack,1
0.0668,1,0,826,808,normal,0
0.2118,0,3,1424,3774,normal,0
0.0111,0,0,10,16,ddos_attack,1
0.089,0,2,432,978,normal,0
0.0013,0,1,42,13,ddos_attack,1
0.001,0,1,38,18,ddos_attack,1
0.0076,0,1,62,0,ddos_attack,1
0.3291,0,3,722,2891,normal,0
1.0574,0,2,491,3350,normal,0
0.8475,0,0,1293,502,normal,0
0.8944,1,0,527,4039,normal,0
0.398,0,0,1370,267,normal,0
0.2033,0,1,181,1015,normal,0
0.0034,0,0,28,21,ddos_attack,1
0.0291,0,3,1228,1235,normal,0
0.01,0,0,28,63,ddos_attack,1
0.0011,0,0,27,62,ddos_attack,1
1.9653,0,1,80,2497,normal,0
0.012,0,4,1541,40,honeypot_probe,1
0.0122,0,0,36,48,ddos_attack,1
0.1535,0,1,271,1665,normal,0
0.5347,1,1,1382,346,normal,0
1.5123,0,0,1195,530,normal,0
0.5228,0,0,1221,1870,normal,0
0.2995,0,1,163,1210,normal,0
1.0053,1,0,329,948,normal,0
0.1334,0,4,759,20,honeypot_probe,1
0.4429,0,2,347,1600,normal,0
0.4372,0,1,1160,3436,normal,0
0.6724,0,2,905,497,normal,0
0.004,0,3,30,62,ddos_attack,1
0.0198,0,3,18,26,ddos_attack,1
0.4451,0,1,233,2387,normal,0
0.5306,0,0,1134,1151,normal,0
0.1207,0,0,359,2378,normal,0
0.6598,0,2,401,1757,normal,0
0.1823,0,4,1773,18,honeypot_probe,1
0.1666,0,1,933,3008,normal,0
2.1974,0,2,784,3272,normal,0
0.804,0,3,928,1845,normal,0
0.0036,0,4,1410,84,honeypot_probe,1
1.0346,0,2,743,2595,normal,0
0.078,0,1,126,3861,normal,0
0.0091,0,0,31,63,ddos_attack,1
0.317,0,0,1216,950,normal,0
0.0001,0,0,47,37,ddos_attack,1
0.3633,0,3,305,2630,normal,0
0.0175,0,0,13,4,ddos_attack,1
1.2922,0,1,340,188,normal,0
0.8817,0,0,607,694,normal,0
0.0396,0,4,1400,57,honeypot_probe,1
0.209,0,4,1436,60,honeypot_probe,1
0.403,0,0,693,2436,normal,0
0.0182,0,3,12,29,ddos_attack,1
0.4715,0,2,716,2847,normal,0
0.0026,0,0,26,54,ddos_attack,1
0.6342,0,1,725,885,normal,0
0.0097,0,3,1037,761,normal,0
0.0557,0,1,1098,2381,normal,0
0.1397,0,0,1469,539,normal,0
2.1432,0,2,82,2370,normal,0
0.0121,0,0,59,33,ddos_attack,1
1.0221,0,1,268,2735,normal,0
0.0623,0,0,1369,2192,normal,0
0.2487,1,0,880,1254,normal,0
0.0091,0,0,1474,3406,normal,0
0.0251,0,4,993,15,honeypot_probe,1
0.6427,0,2,568,1749,normal,0
0.0066,0,0,50,6,ddos_attack,1
0.1013,1,3,962,266,normal,0
0.2454,0,3,623,321,normal,0
1.0492,0,1,355,3534,normal,0
0.5225,0,1,620,2510,normal,0
1.4284,0,1,66,1845,normal,0
0.0094,0,1,13,58,ddos_attack,1
0.0232,0,3,1322,1025,normal,0
0.0066,0,0,43,60,ddos_attack,1
0.0249,0,1,377,2020,normal,0
0.2155,0,2,1442,2660,normal,0
0.6245,0,2,958,347,normal,0
0.0864,0,1,921,931,normal,0
0.078,0,4,1797,41,honeypot_probe,1
0.268,0,1,679,1210,normal,0
0.4579,1,3,713,2475,normal,0
0.0082,0,1,59,11,ddos_attack,1
0.2996,1,1,125,4005,normal,0
0.5063,0,0,1053,2860,normal,0
0.0062,0,0,36,35,ddos_attack,1
0.0007,0,1,24,3,ddos_attack,1
2.0463,0,2,403,331,normal,0
0.1225,0,0,956,532,normal,0
0.1739,0,4,1027,45,honeypot_probe,1
0.0039,0,3,49,62,ddos_attack,1
0.5562,0,4,429,17,honeypot_probe,1
0.0029,0,1,47,47,ddos_attack,1
0.0233,0,3,36,31,ddos_attack,1
0.0001,0,0,40,14,ddos_attack,1
0.1914,1,3,980,626,normal,0
0.0069,0,0,661,293,normal,0
1.2421,0,0,270,3967,normal,0
0.4144,0,3,201,466,normal,0
2.3378,0,1,137,700,normal,0
0.13,0,3,1057,2870,normal,0
0.5013,0,1,1200,2345,normal,0
0.009,0,0,20,60,ddos_attack,1
0.0113,0,0,32,10,ddos_attack,1
0.3469,0,2,1064,1333,normal,0
0.0849,0,1,679,533,normal,0
0.5509,0,0,1491,561,normal,0
0.0094,0,1,21,39,ddos_attack,1
0.0324,0,1,35,29,ddos_attack,1
0.0878,0,4,1144,65,honeypot_probe,1
0.0875,0,4,1075,39,honeypot_probe,1
0.6064,0,0,703,2515,normal,0
0.2145,0,4,1029,6,honeypot_probe,1
1.8688,0,1,1302,2263,normal,0
0.0134,0,4,378,83,honeypot_probe,1
0.5875,0,1,1294,2782,normal,0
0.0014,0,0,62,54,ddos_attack,1
0.5533,1,0,557,1674,normal,0
0.0054,0,0,29,49,ddos_attack,1
0.0532,0,0,647,1447,normal,0
0.0845,0,1,1180,989,normal,0
0.8761,0,1,1100,163,normal,0
0.8278,0,0,446,2007,normal,0
0.0432,0,0,1389,2271,normal,0
0.3255,0,0,1442,2091,normal,0
0.3346,0,1,1054,3689,normal,0
0.0006,0,0,18,21,ddos_attack,1
0.0085,0,1,49,16,ddos_attack,1
0.0377,0,4,1030,38,honeypot_probe,1
0.7244,1,0,1044,1233,normal,0
0.5336,0,2,507,1478,normal,0
0.804,0,2,250,2520,normal,0
1.1681,1,2,1477,1106,normal,0
0.0072,0,3,63,3,ddos_attack,1
0.2693,0,4,1044,31,honeypot_probe,1
0.0706,1,0,1499,1794,normal,0
0.8735,0,3,775,2422,normal,0
0.0772,0,2,450,1919,normal,0
0.4069,0,2,371,3544,normal,0
0.1456,0,1,446,3605,normal,0
0.0098,0,1,58,19,ddos_attack,1
0.132,0,1,1360,3257,normal,0
1.4831,1,1,378,3673,normal,0
0.0089,0,0,37,24,ddos_attack,1
0.0096,0,1,26,29,ddos_attack,1
0.1467,0,4,1956,93,honeypot_probe,1
0.561,0,0,912,3111,normal,0
0.5544,0,2,628,2646,normal,0
0.1632,1,3,1454,3200,normal,0
0.014,0,0,41,14,ddos_attack,1
0.7422,1,0,1277,1419,normal,0
0.8083,0,2,926,2448,normal,0
0.4065,1,2,453,469,normal,0
0.0097,0,1,1320,2096,normal,0
0.2116,0,3,1150,231,normal,0
0.0309,0,4,472,5,honeypot_probe,1
0.0038,0,3,46,50,ddos_attack,1
0.2157,1,0,1356,435,normal,0
0.0078,0,0,55,18,ddos_attack,1
0.2077,0,1,960,2089,normal,0
0.8996,1,0,433,3075,normal,0
0.0901,0,2,1374,2647,normal,0
0.2978,1,0,983,2685,normal,0
1.1757,0,0,1298,4034,normal,0
0.061,1,2,1250,587,normal,0
0.0287,0,4,1910,33,honeypot_probe,1
0.0441,0,4,339,86,honeypot_probe,1
0.1775,0,1,733,3577,normal,0
0.9944,0,0,947,2469,normal,0
0.0299,0,0,24,45,ddos_attack,1
0.4381,0,1,938,3311,normal,0
0.0076,0,0,802,2901,normal,0
0.6015,0,1,1267,1136,normal,0
0.1465,0,0,374,2724,normal,0
1.9704,0,0,815,1665,normal,0
0.0003,0,1,37,43,ddos_attack,1
0.0947,0,0,956,1589,normal,0
0.7889,0,2,737,1398,normal,0
0.0138,0,0,174,2560,normal,0
0.4309,0,2,1296,149,normal,0
0.216,0,2,592,2165,normal,0
0.0442,0,1,837,290,normal,0
0.2398,0,2,332,1904,normal,0
0.1142,0,2,633,4016,normal,0
0.4603,1,0,453,837,normal,0
0.0097,0,0,23,13,ddos_attack,1
0.2704,0,1,814,1131,normal,0
0.0104,0,0,44,31,ddos_attack,1
0.0048,0,4,1540,16,honeypot_probe,1
0.3277,0,4,554,31,honeypot_probe,1
0.0076,0,1,46,47,ddos_attack,1
0.1698,0,0,1277,1539,normal,0
0.0921,1,1,821,263,normal,0
0.6574,1,0,646,3703,normal,0
0.2387,0,0,861,1609,normal,0
0.022,0,1,234,3581,normal,0
0.8947,0,2,557,2795,normal,0
1.2329,0,2,671,584,normal,0
0.4255,0,0,898,3305,normal,0
1.9165,1,1,872,1106,normal,0
0.556,0,3,213,2031,normal,0
0.3029,0,3,139,726,normal,0
0.2819,0,0,777,1234,normal,0
0.0544,0,4,1083,86,honeypot_probe,1
0.0873,0,1,1112,1737,normal,0
0.0088,0,4,1537,93,honeypot_probe,1
0.0084,0,1,162,1610,normal,0
0.9007,1,0,957,1727,normal,0
0.0183,1,0,847,368,normal,0
0.9758,0,3,1016,1515,normal,0
0.1424,0,1,1062,1909,normal,0
0.161,0,0,1350,2878,normal,0
0.3991,0,1,80,1214,normal,0
0.1281,0,3,783,2979,normal,0
0.2058,1,0,463,1933,normal,0
0.0005,0,0,46,28,ddos_attack,1
0.2509,0,0,681,3220,normal,0
0.0143,0,0,29,24,ddos_attack,1
0.224,0,2,1028,1077,normal,0
0.2487,0,0,893,2037,normal,0
1.0862,1,0,1074,2066,normal,0
1.0402,0,0,1375,515,normal,0
0.0232,0,1,341,2105,normal,0
2.2906,0,1,198,707,normal,0
0.1579,0,4,583,34,honeypot_probe,1
1.0053,0,1,250,2035,normal,0
0.4822,0,1,79,3501,normal,0
0.2807,0,0,404,2179,normal,0
0.3707,0,1,1435,3167,normal,0
0.1181,0,0,1195,2706,normal,0
1.9352,0,2,75,322,normal,0
0.009,0,1,25,1,ddos_attack,1
0.2802,0,2,1468,905,normal,0
0.0027,0,1,50,53,ddos_attack,1
0.0309,0,1,531,2929,normal,0
0.6624,0,1,1409,2187,normal,0
0.3131,0,0,851,3238,normal,0
0.2779,0,0,986,1537,normal,0
0.0336,0,0,21,36,ddos_attack,1
0.415,0,0,909,2020,normal,0
0.2085,1,1,99,1836,normal,0
0.3727,0,3,792,1247,normal,0
0.0114,0,3,12,22,ddos_attack,1
0.1587,0,2,1191,1906,normal,0
0.0082,0,0,1068,3798,normal,0
0.2098,0,0,744,1461,normal,0
0.1049,0,4,308,26,honeypot_probe,1
0.6527,0,0,928,1396,normal,0
0.0044,0,0,63,61,ddos_attack,1
0.9524,1,1,1288,3996,normal,0
0.398,0,1,571,2906,normal,0
0.0499,0,0,629,1495,normal,0
0.0459,0,3,256,4094,normal,0
0.1825,0,2,1413,135,normal,0
0.0715,0,0,1451,3403,normal,0
0.1484,0,1,1189,3162,normal,0
0.1033,0,0,115,2286,normal,0
0.9484,0,0,921,3951,normal,0
0.177,0,2,503,338,normal,0
0.0371,0,0,23,10,ddos_attack,1
0.8576,0,1,965,1069,normal,0
0.5291,0,3,391,1594,normal,0
1.1204,0,3,1411,2072,normal,0
0.0147,0,0,60,52,ddos_attack,1
0.6591,1,3,444,245,normal,0
1.6988,0,3,70,493,normal,0
0.231,0,2,810,2542,normal,0
0.8458,0,0,845,2509,normal,0
0.3459,0,0,563,3292,normal,0
0.0602,0,4,1440,50,honeypot_probe,1
0.4759,0,1,569,549,normal,0
0.268,0,0,1072,1320,normal,0
0.1522,0,0,883,800,normal,0
0.2486,0,2,490,629,normal,0
0.4019,0,3,354,3719,normal,0
0.8123,0,0,1370,1695,normal,0
0.0505,0,4,707,28,honeypot_probe,1
0.0821,0,1,367,1069,normal,0
0.0088,0,3,39,21,ddos_attack,1
0.4973,0,2,756,382,normal,0
0.0133,0,4,641,89,honeypot_probe,1
0.0195,0,4,781,43,honeypot_probe,1
0.26,0,1,1444,1693,normal,0
0.0066,0,3,63,29,ddos_attack,1
2.0234,0,2,1248,874,normal,0
0.2898,0,1,337,2434,normal,0
0.3075,0,3,427,3806,normal,0
0.0175,0,1,58,33,ddos_attack,1
0.0081,0,3,15,41,ddos_attack,1
0.0091,0,0,25,30,ddos_attack,1
0.4645,0,1,328,1081,normal,0
0.0307,0,2,543,3642,normal,0
0.5491,0,1,1474,1490,normal,0
0.0028,0,1,21,46,ddos_attack,1
0.3045,0,4,1290,7,honeypot_probe,1
0.1079,0,0,514,684,normal,0
0.3675,1,0,397,3532,normal,0
1.2477,0,2,1495,2288,normal,0
0.0233,1,2,1015,3568,normal,0
0.0931,0,0,1455,4045,normal,0
0.2217,1,2,1112,1681,normal,0
0.0096,0,4,857,58,honeypot_probe,1
0.555,0,1,174,2312,normal,0
0.0121,0,0,1057,2159,normal,0
0.0915,0,4,1655,93,honeypot_probe,1
0.0929,0,1,913,1217,normal,0
0.0596,0,2,1036,1265,normal,0
0.5213,0,0,601,2925,normal,0
0.131,0,4,1951,64,honeypot_probe,1
1.9134,0,2,139,566,normal,0
0.6576,0,1,755,2428,normal,0
1.5756,1,2,1255,2767,normal,0
0.0096,0,1,31,15,ddos_attack,1
0.7325,1,0,277,212,normal,0
0.0682,0,1,690,191,normal,0
0.0121,0,1,22,42,ddos_attack,1
0.1397,0,0,876,3115,normal,0
0.6779,0,1,1137,1583,normal,0
0.1513,0,1,596,3289,normal,0
0.0699,0,0,692,1755,normal,0
0.3605,0,0,197,3530,normal,0
0.6633,0,1,1255,898,normal,0
0.319,0,1,1328,2035,normal,0
0.3684,1,0,492,635,normal,0
0.4435,0,1,786,3224,normal,0
0.0244,0,1,28,32,ddos_attack,1
0.1107,0,0,108,3845,normal,0
0.0349,0,0,350,1129,normal,0
0.0125,0,1,33,51,ddos_attack,1
0.4642,0,3,684,1288,normal,0
0.1546,0,1,1156,2422,normal,0
0.0165,0,3,38,12,ddos_attack,1
0.6657,0,0,130,3695,normal,0
0.0294,0,0,548,3708,normal,0
0.1175,0,1,136,2483,normal,0
0.5705,1,1,1238,3868,normal,0
0.7614,0,2,851,2923,normal,0
0.1007,1,1,795,1257,normal,0
0.0046,0,0,20,53,ddos_attack,1
0.5054,0,0,957,1518,normal,0
0.1672,0,4,1584,67,honeypot_probe,1
0.0039,0,1,23,48,ddos_attack,1
0.0103,0,0,58,24,ddos_attack,1
0.0311,0,4,1914,71,honeypot_probe,1
0.4581,0,1,236,1100,normal,0
0.1538,0,4,747,24,honeypot_probe,1
0.0103,0,4,333,28,honeypot_probe,1
0.0276,0,0,1470,3314,normal,0
0.0329,0,0,1010,3801,normal,0
0.5739,0,3,242,1939,normal,0
0.7644,0,3,732,318,normal,0
0.5204,0,1,300,743,normal,0
0.3206,0,4,663,70,honeypot_probe,1
0.0921,0,1,753,2750,normal,0
0.0072,0,1,44,47,ddos_attack,1
0.0177,0,1,44,51,ddos_attack,1
0.6115,1,0,955,1175,normal,0
0.4734,0,0,1166,1733,normal,0
0.9921,0,2,765,2734,normal,0
0.0142,0,4,1711,95,honeypot_probe,1
2.699,1,0,609,1597,normal,0
0.3749,0,0,828,1048,normal,0
2.0297,0,0,1037,3800,normal,0
0.2682,0,2,354,3684,normal,0
0.0105,0,0,26,15,ddos_attack,1
0.6974,0,0,1477,2768,normal,0
0.0571,0,4,1883,63,honeypot_probe,1
0.0281,0,1,328,4074,normal,0
0.1857,0,4,1501,33,honeypot_probe,1
0.0641,0,2,1024,1022,normal,0
0.0634,0,0,122,1695,normal,0
0.0027,0,1,15,61,ddos_attack,1
0.0277,0,0,76,3639,normal,0
0.0042,0,0,48,60,ddos_attack,1
0.9882,1,0,825,993,normal,0
2.2477,0,3,1383,2757,normal,0
0.3865,1,3,426,1948,normal,0
0.0042,0,0,21,41,ddos_attack,1
0.8543,0,2,903,3264,normal,0
0.0147,0,4,1607,46,honeypot_probe,1
0.2794,0,0,637,2461,normal,0
1.897,0,2,617,2785,normal,0
0.0041,0,1,26,37,ddos_attack,1
0.0897,0,0,632,1633,normal,0
0.0211,0,4,1019,84,honeypot_probe,1
0.0405,1,0,555,4090,normal,0
0.0013,0,4,1047,91,honeypot_probe,1
0.0273,0,3,32,6,ddos_attack,1
0.1672,0,1,515,1357,normal,0
0.0871,0,0,188,1232,normal,0
0.7959,0,1,501,878,normal,0
0.0458,0,1,1366,2710,normal,0
1.5578,1,1,1038,675,normal,0
0.249,1,0,911,726,normal,0
0.3248,0,2,642,2006,normal,0
0.2992,0,2,1401,2207,normal,0
0.0258,0,3,23,51,ddos_attack,1
0.22,0,1,980,2301,normal,0
0.2776,1,2,119,847,normal,0
0.0045,0,3,26,63,ddos_attack,1
0.8071,0,0,1286,2188,normal,0
0.5758,0,2,1056,2890,normal,0
0.4706,0,1,492,471,normal,0
0.1769,0,3,1217,1503,normal,0
0.0658,0,3,180,2993,normal,0
0.023,0,4,1938,84,honeypot_probe,1
1.0792,0,1,337,1705,normal,0
1.2414,0,1,220,862,normal,0
0.3486,0,1,328,3404,normal,0
0.3128,0,2,601,856,normal,0
0.003,0,1,41,52,ddos_attack,1
1.2458,0,0,651,304,normal,0
0.6457,0,2,1395,3043,normal,0
0.0976,0,4,501,99,honeypot_probe,1
0.0186,0,0,58,24,ddos_attack,1
0.5601,0,2,923,3333,normal,0
0.1032,0,1,153,1485,normal,0
0.6904,0,0,131,3964,normal,0
0.4749,0,0,793,683,normal,0
0.4815,0,2,724,3099,normal,0
0.0276,0,1,1292,2966,normal,0
0.0745,0,3,621,1026,normal,0
0.6034,1,1,1426,2849,normal,0
0.0725,0,4,1415,99,honeypot_probe,1
0.1986,0,1,1138,1222,normal,0
0.4384,0,3,420,943,normal,0
0.5703,0,2,644,662,normal,0
0.0013,0,0,15,16,ddos_attack,1
0.6892,0,2,535,3068,normal,0
1.5301,0,3,427,2294,normal,0
0.0271,0,0,1021,3934,normal,0
0.4155,0,0,169,1236,normal,0
1.7503,0,3,1168,457,normal,0
0.1066,0,1,958,2827,normal,0
0.3761,0,1,532,2387,normal,0
0.7445,0,1,815,1589,normal,0
0.0164,0,0,39,38,ddos_attack,1
0.0491,0,4,1104,0,honeypot_probe,1
0.0181,0,3,31,43,ddos_attack,1
0.0042,0,4,1613,16,honeypot_probe,1
0.0326,0,2,1335,197,normal,0
0.135,0,1,795,952,normal,0
0.9343,0,0,1080,3379,normal,0
1.9865,0,2,120,307,normal,0
0.2413,0,1,352,1364,normal,0
0.053,0,1,498,1009,normal,0
0.5304,0,1,372,3081,normal,0
2.5002,1,1,1248,1070,normal,0
0.3641,0,2,925,3474,normal,0
0.1541,0,0,609,1972,normal,0
0.0943,0,0,1269,3212,normal,0
0.1244,0,0,1342,3787,normal,0
0.136,0,4,793,76,honeypot_probe,1
0.1187,0,4,838,6,honeypot_probe,1
0.0857,0,4,215,22,honeypot_probe,1
0.727,0,3,1417,4019,normal,0
0.0704,0,0,702,1926,normal,0
0.0113,0,0,57,35,ddos_attack,1
0.0064,0,0,35,60,ddos_attack,1
0.1974,0,0,282,1638,normal,0
0.0698,0,2,131,743,normal,0
0.0106,0,1,420,383,normal,0
0.0091,0,4,723,68,honeypot_probe,1
0.0491,0,4,1535,98,honeypot_probe,1
1.3697,0,3,431,697,normal,0
1.3918,0,0,1192,1351,normal,0
0.5999,0,4,1906,14,honeypot_probe,1
0.0007,0,0,60,9,ddos_attack,1
2.0357,0,2,1368,342,normal,0
0.8093,0,3,721,3114,normal,0
0.0247,0,4,425,77,honeypot_probe,1
0.4685,0,2,745,3535,normal,0
0.1783,0,0,431,378,normal,0
0.4377,1,0,624,1597,normal,0
0.0054,0,1,18,3,ddos_attack,1
0.0037,0,2,1054,3438,normal,0
1.9324,0,1,752,2555,normal,0
0.3841,0,1,1023,605,normal,0
1.7012,0,0,1080,881,normal,0
0.0356,0,1,1131,3614,normal,0
0.0863,0,2,591,292,normal,0
0.3493,0,2,108,3601,normal,0
0.3599,0,3,1387,3206,normal,0
0.0391,0,2,118,905,normal,0
0.1997,0,1,1445,1595,normal,0
0.0074,0,0,58,38,ddos_attack,1
0.7259,0,0,1145,2872,normal,0
0.2676,1,1,210,3683,normal,0
0.0594,0,1,1465,3819,normal,0
1.0921,1,0,155,254,normal,0
1.3368,0,1,88,283,normal,0
0.3196,0,3,82,1535,normal,0
0.0089,0,3,44,40,ddos_attack,1
0.6547,0,0,747,2284,normal,0
0.0639,0,4,1591,86,honeypot_probe,1
0.1497,0,2,572,1473,normal,0
0.1139,0,4,1341,62,honeypot_probe,1
1.4269,0,0,321,702,normal,0
0.0138,0,0,27,52,ddos_attack,1
0.027,0,4,1774,35,honeypot_probe,1
0.0287,0,0,259,2903,normal,0
0.1585,0,0,1144,850,normal,0
0.2318,0,0,272,768,normal,0
0.2826,0,1,482,1877,normal,0
0.0041,0,1,30,48,ddos_attack,1
0.0027,0,0,41,61,ddos_attack,1
0.3596,0,0,593,806,normal,0
0.028,0,4,1807,53,honeypot_probe,1
0.1079,0,4,1131,17,honeypot_probe,1
0.1522,0,2,1287,1406,normal,0
0.3996,0,2,230,3667,normal,0
1.0992,0,0,1246,3478,normal,0
0.1309,0,2,280,2176,normal,0
0.0005,0,3,53,49,ddos_attack,1
0.7217,0,2,526,1117,normal,0
0.7717,0,0,1339,2170,normal,0
0.5649,0,1,377,3378,normal,0
0.9214,0,2,578,2389,normal,0
0.0013,0,0,38,47,ddos_attack,1
0.1465,1,0,663,1680,normal,0
0.7142,0,0,780,2898,normal,0
1.0058,1,1,387,3192,normal,0
0.6305,0,0,536,3495,normal,0
0.6864,0,1,1328,482,normal,0
2.4769,0,0,1435,298,normal,0
0.0587,0,4,1330,54,honeypot_probe,1
0.1693,0,4,595,87,honeypot_probe,1
0.1909,0,4,1236,40,honeypot_probe,1
0.4208,0,1,1144,2215,normal,0
0.4212,0,0,793,650,normal,0
0.0019,0,1,61,33,ddos_attack,1
0.0137,0,0,1157,4008,normal,0
0.5285,0,1,459,2886,normal,0
0.3036,0,0,813,1221,normal,0
1.15,0,1,432,4060,normal,0
0.7236,0,2,196,3174,normal,0
0.0009,0,3,60,30,ddos_attack,1
0.154,0,3,150,2400,normal,0
0.4398,0,1,744,3663,normal,0
0.5243,1,2,1276,2010,normal,0
0.4858,0,1,628,3386,normal,0
1.4322,0,2,217,2735,normal,0
0.6658,0,1,242,3238,normal,0
0.0306,0,4,263,28,honeypot_probe,1
0.0025,0,4,1665,74,honeypot_probe,1
0.0181,0,3,55,1,ddos_attack,1
0.8625,0,1,674,3490,normal,0
0.0404,0,3,47,19,ddos_attack,1
0.2249,0,2,1023,1097,normal,0
0.2783,0,3,73,3313,normal,0
0.3726,0,3,752,514,normal,0
0.2195,0,2,1317,2430,normal,0
0.1897,0,2,1344,3855,normal,0
1.0189,1,1,1398,2922,normal,0
0.5555,0,0,421,3373,normal,0
0.0434,0,4,1832,70,honeypot_probe,1
0.0537,1,2,311,915,normal,0
0.4654,0,1,1358,3805,normal,0
0.0087,0,0,29,44,ddos_attack,1
0.0293,0,2,911,741,normal,0
0.4252,0,0,1160,3448,normal,0
0.1602,0,2,1051,3419,normal,0
0.0116,0,3,51,35,ddos_attack,1
0.5919,0,2,986,1280,normal,0
0.3596,0,0,69,764,normal,0
0.7501,0,2,1089,2379,normal,0
0.0069,0,3,29,0,ddos_attack,1
0.2828,0,3,168,2670,normal,0
0.0149,0,0,53,44,ddos_attack,1
0.0238,0,4,710,73,honeypot_probe,1
0.0069,0,3,25,58,ddos_attack,1
0.1326,0,2,768,4046,normal,0
1.2131,1,0,1162,1105,normal,0
0.2366,0,4,377,86,honeypot_probe,1
0.0061,0,0,58,25,ddos_attack,1
1.4716,0,1,339,2673,normal,0
0.0021,0,1,44,47,ddos_attack,1
0.0041,0,1,25,57,ddos_attack,1
0.0567,0,1,1196,1523,normal,0
0.0079,0,0,61,52,ddos_attack,1
0.0665,0,0,447,4011,normal,0
0.1547,0,1,1423,1339,normal,0
0.8931,1,0,239,365,normal,0
0.5786,0,0,1010,2131,normal,0
0.1266,1,2,1475,267,normal,0
0.1228,0,1,569,1257,normal,0
1.4109,1,0,992,227,normal,0
0.0317,0,4,1252,77,honeypot_probe,1
0.1897,0,2,323,2257,normal,0
0.0502,1,3,689,189,normal,0
0.0236,0,3,633,239,normal,0
0.0238,0,4,907,77,honeypot_probe,1
0.0027,0,0,43,43,ddos_attack,1
2.2323,0,0,1376,3837,normal,0
0.1199,0,0,316,3997,normal,0
0.2549,0,1,1228,2918,normal,0
0.172,0,4,1616,1,honeypot_probe,1
0.0291,0,1,193,2527,normal,0
0.9256,0,2,831,4023,normal,0
0.2241,0,0,949,3766,normal,0
0.0175,0,3,1285,938,normal,0
1.1083,0,2,586,2022,normal,0
0.0168,0,4,299,51,honeypot_probe,1
1.0339,0,0,318,2556,normal,0
0.3527,0,3,1363,3687,normal,0
0.0522,0,4,918,71,honeypot_probe,1
0.0291,0,1,36,61,ddos_attack,1
0.1113,0,2,292,2130,normal,0
2.0159,0,0,1159,1796,normal,0
0.0359,0,1,1038,2444,normal,0
0.3896,0,2,180,925,normal,0
0.1211,0,4,1128,25,honeypot_probe,1
0.07,0,3,113,805,normal,0
0.4509,0,1,509,2076,normal,0
0.8911,0,1,1186,1429,normal,0
0.061,0,4,1327,49,honeypot_probe,1
0.0614,0,4,1617,54,honeypot_probe,1
0.0899,0,3,1138,1337,normal,0
0.3642,0,3,901,2934,normal,0
0.4407,0,3,1459,1611,normal,0
0.1408,0,2,1178,3803,normal,0
1.115,0,0,1260,3919,normal,0
0.0493,0,4,555,10,honeypot_probe,1
0.0024,0,0,63,14,ddos_attack,1
0.1335,0,3,1279,1823,normal,0
0.2066,0,2,1319,3993,normal,0
0.105,0,4,1991,24,honeypot_probe,1
0.0648,0,3,869,3798,normal,0
0.0615,0,0,1078,3199,normal,0
0.0421,0,2,569,1907,normal,0
0.8402,0,1,278,3357,normal,0
1.4141,0,1,1025,2903,normal,0
0.032,0,4,1397,36,honeypot_probe,1
0.0769,0,4,1746,86,honeypot_probe,1
0.6043,0,0,164,3732,normal,0
1.5322,1,2,1404,165,normal,0
0.0013,0,1,35,5,ddos_attack,1
0.8553,0,3,978,3759,normal,0
1.6396,0,0,1292,824,normal,0
0.017,0,3,40,4,ddos_attack,1
0.7001,0,1,571,2191,normal,0
0.2706,1,3,1005,2431,normal,0
0.1524,1,0,534,3583,normal,0
1.6199,1,2,894,3524,normal,0
0.6253,1,0,579,3289,normal,0
0.1706,0,0,820,2957,normal,0
0.0411,0,1,1066,2361,normal,0
0.2506,0,1,652,2641,normal,0
0.938,0,1,992,2079,normal,0
0.4252,0,2,676,2721,normal,0
0.0565,0,3,922,1551,normal,0
0.3087,0,0,1359,3938,normal,0
0.4012,0,1,291,3183,normal,0
0.1395,0,2,1153,1800,normal,0
0.0002,0,0,15,38,ddos_attack,1
0.4148,0,2,526,364,normal,0
0.0221,0,4,1405,70,honeypot_probe,1
0.6413,0,3,681,1887,normal,0
0.3397,0,0,1196,1854,normal,0
0.0472,0,4,487,81,honeypot_probe,1
1.2308,0,1,979,1333,normal,0
0.0005,0,0,44,42,ddos_attack,1
0.1621,0,4,1719,99,honeypot_probe,1
0.0012,0,1,52,36,ddos_attack,1
1.0608,0,0,147,398,normal,0
0.601,0,2,946,970,normal,0
1.9842,0,0,1361,2614,normal,0
0.0139,0,3,458,1854,normal,0
0.0019,0,1,37,10,ddos_attack,1
0.68,0,0,1173,1300,normal,0
0.1792,0,1,1347,2139,normal,0
0.2616,1,0,1031,370,normal,0
0.2305,0,3,781,2242,normal,0
0.0848,0,4,969,14,honeypot_probe,1
0.1179,0,3,491,1309,normal,0
0.0155,0,0,15,26,ddos_attack,1
0.5977,0,2,1134,1102,normal,0
0.0017,0,0,53,11,ddos_attack,1
0.0376,0,1,809,802,normal,0
0.0261,0,0,23,17,ddos_attack,1
0.0115,0,3,62,7,ddos_attack,1
1.3416,0,0,391,3302,normal,0
0.0077,0,1,999,3291,normal,0
0.0048,0,0,62,49,ddos_attack,1
0.0073,0,4,1587,24,honeypot_probe,1
1.2115,0,0,1065,377,normal,0
0.0103,0,1,12,22,ddos_attack,1
0.2523,0,4,565,33,honeypot_probe,1
0.6745,0,1,879,2348,normal,0
0.0127,0,0,28,38,ddos_attack,1
0.2059,0,1,1074,3346,normal,0
0.5446,0,0,1481,2514,normal,0
0.017,0,4,304,81,honeypot_probe,1
0.0069,0,3,52,58,ddos_attack,1
0.5084,0,3,1436,352,normal,0
0.0326,0,1,63,59,ddos_attack,1
0.9468,0,2,218,2432,normal,0
0.0023,0,1,14,16,ddos_attack,1
1.6995,0,0,1286,3662,normal,0
1.0128,1,1,1005,279,normal,0
0.0089,0,0,738,688,normal,0
0.4169,0,0,1166,2923,normal,0
0.022,0,0,63,15,ddos_attack,1
0.2094,0,1,916,1348,normal,0
0.4813,0,1,888,2414,normal,0
0.1074,1,1,1099,1048,normal,0
1.9297,0,0,116,2393,normal,0
0.0672,0,2,1340,925,normal,0
0.0011,0,1,47,42,ddos_attack,1
0.0174,0,3,38,10,ddos_attack,1
0.0031,0,3,48,11,ddos_attack,1
0.0806,0,1,153,2407,normal,0
0.2521,0,4,1556,54,honeypot_probe,1
0.9435,1,1,478,1244,normal,0
0.8067,0,1,1363,1833,normal,0
0.0041,0,3,57,13,ddos_attack,1
0.0201,0,2,303,2041,normal,0
0.0918,0,4,867,42,honeypot_probe,1
0.1416,0,1,125,1260,normal,0
0.8955,0,1,1139,2778,normal,0
0.0757,0,1,815,1287,normal,0
0.9723,0,3,1201,2195,normal,0
0.108,0,4,575,7,honeypot_probe,1
0.3588,1,0,1419,630,normal,0
0.111,0,1,1190,529,normal,0
0.0031,0,3,61,34,ddos_attack,1
0.4418,0,2,1479,4056,normal,0
0.4468,0,3,759,3832,normal,0
0.7451,0,1,712,3513,normal,0
0.377,0,0,1466,2963,normal,0
0.4523,0,3,1191,2336,normal,0
0.4011,0,3,176,3189,normal,0
1.1857,0,1,1082,3411,normal,0
0.1541,0,3,1481,2018,normal,0
0.0006,0,1,58,35,ddos_attack,1
0.0025,0,0,15,58,ddos_attack,1
0.5248,0,1,935,2101,normal,0
0.013,0,1,62,50,ddos_attack,1
1.7606,0,0,755,1071,normal,0
0.0018,0,0,54,9,ddos_attack,1
0.0027,0,0,30,36,ddos_attack,1
0.053,0,4,838,80,honeypot_probe,1
0.0936,0,4,1166,23,honeypot_probe,1
0.0443,0,2,504,2828,normal,0
0.1149,0,4,543,79,honeypot_probe,1
0.0031,0,4,1894,92,honeypot_probe,1
0.9332,0,3,138,1697,normal,0
0.119,0,0,868,3792,normal,0
0.0133,0,0,17,12,ddos_attack,1
0.0265,0,4,914,87,honeypot_probe,1
0.1245,1,3,1450,3868,normal,0
0.6269,0,3,228,1724,normal,0
0.3414,0,1,690,3973,normal,0
0.2918,0,1,403,1203,normal,0
0.0131,0,1,668,3107,normal,0
0.0275,0,4,797,24,honeypot_probe,1
0.5642,0,2,780,1269,normal,0
0.2726,0,0,333,1207,normal,0
0.0081,0,4,1367,15,honeypot_probe,1
0.236,1,1,338,2528,normal,0
0.207,0,4,1425,81,honeypot_probe,1
0.2075,0,0,652,2586,normal,0
0.0975,0,1,1456,1757,normal,0
1.1988,0,2,1002,528,normal,0
0.4,1,0,801,329,normal,0
0.8535,1,2,950,150,normal,0
0.465,0,2,497,1173,normal,0
0.0089,0,0,17,50,ddos_attack,1
0.3717,0,2,1280,1467,normal,0
0.0337,0,4,978,11,honeypot_probe,1
0.6012,0,0,1228,3345,normal,0
0.0072,0,4,912,30,honeypot_probe,1
0.0446,0,2,874,2590,normal,0
0.0009,0,0,54,51,ddos_attack,1
0.0021,0,3,59,6,ddos_attack,1
0.2881,0,1,147,3169,normal,0
0.0811,0,2,1152,417,normal,0
0.8261,0,2,212,215,normal,0
1.3488,0,2,1469,992,normal,0
1.033,0,2,374,1612,normal,0
0.3703,1,0,485,1901,normal,0
0.1396,0,4,1386,42,honeypot_probe,1
0.3771,0,0,1372,3114,normal,0
0.8021,0,1,617,4061,normal,0
0.3292,0,1,1340,2809,normal,0
0.1816,0,0,154,3592,normal,0
0.9528,0,0,1042,2531,normal,0
0.2072,0,1,209,2891,normal,0
0.0063,0,2,302,3206,normal,0
0.4474,1,3,228,3324,normal,0
0.047,0,0,736,3777,normal,0
0.0062,0,0,19,23,ddos_attack,1
0.546,0,0,828,4055,normal,0
0.0188,0,4,1690,72,honeypot_probe,1
0.9897,0,3,660,2568,normal,0
2.4691,0,0,981,2495,normal,0
0.0452,0,1,1249,3390,normal,0
0.0326,0,1,1374,3169,normal,0
0.0236,0,3,45,52,ddos_attack,1
0.0398,0,4,1783,84,honeypot_probe,1
0.1011,0,4,1693,75,honeypot_probe,1
0.1693,0,1,913,1673,normal,0
0.2193,0,1,963,2363,normal,0
0.0208,0,3,55,47,ddos_attack,1
0.2641,0,0,396,1664,normal,0
0.003,0,0,32,47,ddos_attack,1
0.0801,0,1,1055,2274,normal,0
0.7765,0,3,583,1044,normal,0
0.099,0,0,1107,687,normal,0
0.0701,0,3,856,3586,normal,0
0.0066,0,1,52,9,ddos_attack,1
0.0242,0,4,1353,93,honeypot_probe,1
0.1201,0,1,495,3505,normal,0
0.3582,1,3,1201,2322,normal,0
0.4826,0,3,852,977,normal,0
0.0646,0,3,1202,3870,normal,0
0.2979,0,0,665,1774,normal,0
0.239,0,4,708,50,honeypot_probe,1
0.198,0,0,1191,1226,normal,0
0.0373,1,3,744,2198,normal,0
0.0038,0,0,18,27,ddos_attack,1
0.2789,0,0,545,2631,normal,0
0.3253,0,1,441,3355,normal,0
0.0049,0,1,445,2313,normal,0
1.3796,0,2,513,1482,normal,0
1.1551,1,1,481,3509,normal,0
0.0613,0,1,1368,380,normal,0
0.0193,0,0,917,1616,normal,0
0.8076,0,3,1226,1427,normal,0
0.1726,0,1,747,997,normal,0
1.3622,0,0,915,2683,normal,0
0.0202,0,1,140,943,normal,0
0.1932,0,1,1362,2263,normal,0
0.0645,0,4,1665,27,honeypot_probe,1
0.0069,0,0,18,32,ddos_attack,1
0.0024,0,0,215,3357,normal,0
0.6205,1,2,784,1375,normal,0
0.0098,0,4,1860,11,honeypot_probe,1
0.1025,0,4,1282,48,honeypot_probe,1
0.0312,0,1,42,29,ddos_attack,1
0.1028,0,4,1478,91,honeypot_probe,1
0.9243,0,2,1286,1422,normal,0
0.4603,0,1,1333,1067,normal,0
0.6905,0,2,1400,2002,normal,0
0.3846,1,2,888,3542,normal,0
0.0041,0,4,1743,15,honeypot_probe,1
0.9642,0,0,1218,1253,normal,0
1.133,0,1,73,176,normal,0
0.0027,0,1,20,48,ddos_attack,1
0.5856,0,0,174,3044,normal,0
0.5633,0,0,104,1318,normal,0
0.6174,0,0,76,1051,normal,0
1.123,0,2,1489,1342,normal,0
0.1205,0,4,820,78,honeypot_probe,1
2.0777,0,0,1443,275,normal,0
0.3028,1,3,669,1643,normal,0
0.9938,0,1,1098,1471,normal,0
1.3498,0,2,1439,816,normal,0
0.0015,0,0,14,4,ddos_attack,1
0.3153,0,1,207,416,normal,0
0.4059,0,1,1294,985,normal,0
0.2869,0,1,1486,4050,normal,0
0.1387,1,1,1415,1115,normal,0
1.8052,0,2,387,2559,normal,0
0.2075,0,4,545,80,honeypot_probe,1
0.1491,0,1,1281,1531,normal,0
0.446,0,0,841,3496,normal,0
0.0658,0,4,1863,27,honeypot_probe,1
0.0221,0,0,1052,3409,normal,0
0.0032,0,3,21,52,ddos_attack,1
0.5563,0,4,1277,19,honeypot_probe,1
0.3328,0,1,316,422,normal,0
0.0024,0,0,52,14,ddos_attack,1
0.7748,0,0,937,2556,normal,0
1.1901,0,1,505,2393,normal,0
0.0365,0,0,938,2641,normal,0
0.3089,0,0,1375,2261,normal,0
0.0202,0,1,16,8,ddos_attack,1
1.4573,0,2,243,4001,normal,0
0.1273,0,4,1319,5,honeypot_probe,1
0.0401,0,2,475,862,normal,0
0.8587,0,1,445,910,normal,0
0.0034,0,1,47,25,ddos_attack,1
0.0692,0,4,1296,95,honeypot_probe,1
0.9822,0,0,1340,140,normal,0
0.0043,0,3,28,23,ddos_attack,1
2.3949,0,0,988,1424,normal,0
0.0145,0,4,322,92,honeypot_probe,1
0.325,0,0,1176,2608,normal,0
1.2298,0,2,320,1340,normal,0
0.0218,0,0,46,50,ddos_attack,1
0.154,0,1,422,1801,normal,0
1.233,0,1,1286,2386,normal,0
0.7916,0,0,1196,423,normal,0
0.1522,0,4,994,74,honeypot_probe,1
0.0533,0,1,1100,1034,normal,0
1.7205,0,3,1133,3703,normal,0
0.0047,0,0,1416,3386,normal,0
0.3207,0,3,505,1368,normal,0
0.8558,1,0,689,3991,normal,0
0.0241,0,3,1369,1216,normal,0
0.0192,0,3,59,45,ddos_attack,1
0.0387,0,4,1797,80,honeypot_probe,1
0.0224,0,1,202,2634,normal,0
0.5543,0,2,1045,932,normal,0
0.2441,0,1,388,569,normal,0
0.1026,0,4,1166,41,honeypot_probe,1
1.0398,0,0,320,704,normal,0
0.4223,0,0,420,510,normal,0
0.0194,0,3,58,46,ddos_attack,1
0.2085,1,1,856,384,normal,0
1.9144,0,1,476,561,normal,0
0.0691,0,0,907,1595,normal,0
0.179,0,4,256,49,honeypot_probe,1
0.0003,0,3,24,32,ddos_attack,1
0.2252,0,3,437,3279,normal,0
0.0058,0,3,31,11,ddos_attack,1
0.3292,0,0,602,341,normal,0
0.67,0,1,95,1311,normal,0
0.2851,0,4,1404,60,honeypot_probe,1
0.1333,0,0,536,3870,normal,0
0.3557,0,0,80,620,normal,0
0.0656,0,2,943,2290,normal,0
0.5189,0,0,985,4088,normal,0
0.0419,0,3,31,54,ddos_attack,1
0.1219,0,4,648,43,honeypot_probe,1
0.9472,0,1,524,586,normal,0
1.1559,0,1,701,1321,normal,0
0.1526,0,1,716,1426,normal,0
0.0115,0,1,31,17,ddos_attack,1
0.0087,0,1,40,32,ddos_attack,1
0.0025,0,4,965,6,honeypot_probe,1
0.0125,0,1,682,591,normal,0
1.1271,0,0,912,2782,normal,0
0.3165,0,1,1146,1315,normal,0
0.2023,0,0,374,684,normal,0
0.8719,0,1,1154,1776,normal,0
0.6261,0,2,91,2100,normal,0
0.4041,0,2,649,3886,normal,0
0.1214,0,4,328,34,honeypot_probe,1
0.2825,0,2,1154,4004,normal,0
0.0005,0,4,1323,60,honeypot_probe,1
0.1493,0,4,440,13,honeypot_probe,1
0.0312,0,1,32,20,ddos_attack,1
0.0018,0,3,40,20,ddos_attack,1
0.0614,0,4,493,87,honeypot_probe,1
0.0494,0,3,1148,3701,normal,0
0.3264,0,3,1229,2219,normal,0
0.2419,0,2,933,1574,normal,0
0.8516,0,3,1048,3311,normal,0
0.3437,0,0,652,1538,normal,0
0.0279,0,0,1055,2060,normal,0
0.0055,0,3,12,60,ddos_attack,1
0.0012,0,0,32,29,ddos_attack,1
0.1196,0,1,1200,2139,normal,0
0.0519,0,4,331,33,honeypot_probe,1
0.0323,0,4,1705,25,honeypot_probe,1
0.0029,0,3,42,32,ddos_attack,1
0.127,0,3,1305,1238,normal,0
0.206,0,2,904,2818,normal,0
0.6386,0,3,909,1020,normal,0
0.4402,0,1,774,3823,normal,0
0.0635,0,1,479,1599,normal,0
0.0156,0,0,51,36,ddos_attack,1
0.1065,0,1,553,1884,normal,0
0.756,0,2,450,2262,normal,0
0.0526,0,4,939,63,honeypot_probe,1
0.4979,0,0,236,131,normal,0
0.832,0,2,646,4000,normal,0
0.2493,0,2,229,2875,normal,0
0.2288,0,0,1097,3791,normal,0
0.0923,0,2,1146,3635,normal,0
0.0046,0,1,18,8,ddos_attack,1
0.0067,0,0,25,17,ddos_attack,1
0.0094,0,0,50,54,ddos_attack,1
0.9491,1,3,1223,514,normal,0
0.6637,0,0,753,3060,normal,0
1.2293,0,2,558,3237,normal,0
0.0092,0,0,57,24,ddos_attack,1
0.0064,0,0,38,15,ddos_attack,1
1.3037,1,0,759,1924,normal,0
0.6538,0,2,456,616,normal,0
0.0598,0,0,1143,2401,normal,0
0.1819,0,4,1034,22,honeypot_probe,1
0.011,0,4,1156,22,honeypot_probe,1
1.122,1,0,758,3839,normal,0
0.7052,0,0,624,3400,normal,0
0.0151,0,0,31,42,ddos_attack,1
0.014,0,1,13,52,ddos_attack,1
0.0065,0,1,16,22,ddos_attack,1
0.7523,0,1,152,2066,normal,0
0.5901,1,0,1164,3487,normal,0
1.0721,0,1,217,3721,normal,0
0.0334,0,0,32,39,ddos_attack,1
0.0755,0,4,362,14,honeypot_probe,1
0.0492,0,2,560,3003,normal,0
0.9096,0,3,1234,386,normal,0
1.3744,0,1,153,847,normal,0
0.1624,1,2,845,2279,normal,0
0.0158,0,2,670,350,normal,0
0.1978,0,0,687,2014,normal,0
0.0253,0,4,1441,65,honeypot_probe,1
2.1176,0,3,1383,1173,normal,0
1.3179,0,1,784,1334,normal,0
0.8212,0,3,1224,2009,normal,0
1.0381,0,1,466,667,normal,0
0.0887,0,0,286,3831,normal,0
0.0474,0,4,1673,24,honeypot_probe,1
0.0069,1,0,712,1315,normal,0
0.277,0,2,533,2520,normal,0
0.2224,0,4,827,79,honeypot_probe,1
0.0459,0,2,774,656,normal,0
0.7754,0,1,150,3005,normal,0
0.9757,0,3,530,1252,normal,0
0.0228,0,1,11,5,ddos_attack,1
1.0568,0,3,1298,429,normal,0
0.0025,0,4,968,18,honeypot_probe,1
1.5466,0,3,802,2971,normal,0
0.018,0,4,1587,86,honeypot_probe,1
0.0193,0,3,908,1326,normal,0
0.0566,0,3,107,282,normal,0
0.1262,0,0,288,344,normal,0
0.3628,0,3,508,1386,normal,0
0.2188,0,1,937,693,normal,0
0.9715,1,0,1208,1987,normal,0
0.1119,0,0,1253,3188,normal,0
0.3041,0,2,1488,509,normal,0
0.084,0,4,1473,12,honeypot_probe,1
0.3125,0,1,370,3343,normal,0
1.2197,0,1,334,3259,normal,0
0.3422,0,1,908,1383,normal,0
0.1095,0,0,1468,1847,normal,0
0.1902,1,0,209,963,normal,0
0.0042,0,0,104,3495,normal,0
0.0767,0,4,1333,92,honeypot_probe,1
0.0049,0,1,61,5,ddos_attack,1
0.3055,0,3,606,3404,normal,0
0.0024,0,0,56,36,ddos_attack,1
0.0816,0,2,1260,2677,normal,0
1.1341,1,1,1250,3177,normal,0
0.7609,0,1,768,370,normal,0
0.1729,0,0,298,3895,normal,0
0.3855,0,0,1183,840,normal,0
0.0013,0,0,61,37,ddos_attack,1
0.6225,0,0,1138,208,normal,0
0.9598,1,2,531,1293,normal,0
0.0039,0,3,24,5,ddos_attack,1
0.06,0,3,527,3479,normal,0
0.5122,1,0,560,1591,normal,0
0.4903,0,3,739,786,normal,0
0.4619,0,3,318,335,normal,0
0.0178,0,0,16,35,ddos_attack,1
0.069,0,1,196,182,normal,0
0.0167,0,3,1050,861,normal,0
0.0882,1,1,1468,688,normal,0
0.1417,0,4,561,76,honeypot_probe,1
0.0022,0,0,36,26,ddos_attack,1
0.2887,0,2,124,1589,normal,0
0.0015,0,1,30,11,ddos_attack,1
0.4103,1,1,1283,982,normal,0
0.011,0,4,869,81,honeypot_probe,1
0.001,0,3,32,55,ddos_attack,1
0.8604,0,2,705,632,normal,0
0.0185,0,0,53,53,ddos_attack,1
0.1787,0,0,555,3220,normal,0
0.1437,0,1,1448,435,normal,0
0.0024,0,0,17,6,ddos_attack,1
0.0044,0,1,51,56,ddos_attack,1
0.7909,0,0,942,1673,normal,0
0.0271,0,3,89,1934,normal,0
0.6815,0,0,954,1653,normal,0
0.0966,1,2,64,1586,normal,0
0.1336,0,1,1411,1331,normal,0
0.2527,1,0,641,3642,normal,0
0.8582,0,0,1162,1953,normal,0
0.0007,0,0,50,21,ddos_attack,1
0.6554,0,3,592,3464,normal,0
0.0223,0,0,60,32,ddos_attack,1
0.9498,0,0,1164,335,normal,0
0.4116,0,0,834,1971,normal,0
0.6896,0,0,1049,3961,normal,0
0.0049,0,3,37,6,ddos_attack,1
0.0558,0,4,427,65,honeypot_probe,1
0.5772,0,2,105,592,normal,0
0.201,0,0,466,4021,normal,0
0.1712,0,0,168,451,normal,0
0.0001,0,3,1148,1763,normal,0
0.7534,0,3,1267,1151,normal,0
0.186,0,2,1498,2313,normal,0
0.0537,0,4,1796,50,honeypot_probe,1
0.4005,0,0,1274,958,normal,0
0.1383,0,0,698,3759,normal,0
0.613,0,3,645,2346,normal,0
0.0085,0,0,34,30,ddos_attack,1
0.0278,0,0,63,54,ddos_attack,1
0.0011,0,3,10,3,ddos_attack,1
0.0022,0,0,15,0,ddos_attack,1
0.6556,0,0,312,362,normal,0
2.7366,0,0,592,3452,normal,0
0.2005,0,0,1393,4004,normal,0
0.1312,0,2,780,2076,normal,0
0.0084,0,1,44,32,ddos_attack,1
0.0474,0,4,940,89,honeypot_probe,1
0.0679,0,0,329,3839,normal,0
0.7151,0,1,464,1967,normal,0
0.4137,0,0,361,1468,normal,0
0.0214,0,4,974,34,honeypot_probe,1
0.0921,0,3,149,890,normal,0
0.1134,0,2,668,2431,normal,0
0.3971,0,2,451,1237,normal,0
0.6192,0,0,972,1469,normal,0
0.5534,0,1,866,1843,normal,0
0.0162,0,1,61,35,ddos_attack,1
0.9825,0,3,583,1279,normal,0
0.3443,0,3,683,338,normal,0
0.5352,0,1,1414,4083,normal,0
0.0571,0,1,904,3043,normal,0
0.0071,0,0,18,44,ddos_attack,1
0.2044,1,3,709,753,normal,0
0.0014,0,3,51,12,ddos_attack,1
0.0593,0,4,1755,49,honeypot_probe,1
0.001,0,1,21,57,ddos_attack,1
0.517,0,2,200,2365,normal,0
0.0024,0,0,53,21,ddos_attack,1
0.2061,0,1,745,3578,normal,0
0.0148,0,1,374,728,normal,0
0.0195,0,0,48,24,ddos_attack,1
0.0023,0,0,39,52,ddos_attack,1
0.0013,0,3,45,39,ddos_attack,1
0.682,0,2,233,3889,normal,0
0.1675,0,0,404,2232,normal,0
0.0893,0,0,793,2548,normal,0
0.0046,0,4,1869,71,honeypot_probe,1
0.5201,0,0,319,3280,normal,0
0.1908,0,1,634,984,normal,0
0.1853,0,4,1623,51,honeypot_probe,1
0.492,0,2,1000,475,normal,0
0.0596,0,4,1658,64,honeypot_probe,1
0.5844,0,1,1329,285,normal,0
0.1624,0,0,306,2705,normal,0
0.4423,0,2,155,3221,normal,0
0.0405,0,4,1504,50,honeypot_probe,1
0.1455,0,4,479,18,honeypot_probe,1
0.0019,0,0,45,37,ddos_attack,1
0.1611,0,1,501,1321,normal,0
0.0187,0,0,38,51,ddos_attack,1
0.0552,0,4,729,86,honeypot_probe,1
0.3704,0,3,610,854,normal,0
0.0311,0,3,17,63,ddos_attack,1
0.685,0,1,671,2201,normal,0
0.0698,0,0,68,716,normal,0
0.0698,0,1,71,3608,normal,0
0.3257,0,4,1941,2,honeypot_probe,1
0.6504,0,0,620,3816,normal,0
0.1506,0,0,1229,3847,normal,0
0.1385,0,3,1264,1534,normal,0
0.025,0,3,24,56,ddos_attack,1
0.9269,0,2,615,1648,normal,0
0.5091,1,0,1470,282,normal,0
1.6629,0,0,847,139,normal,0
1.192,0,2,1365,1504,normal,0
0.0017,0,0,54,12,ddos_attack,1
0.2719,0,0,1414,2887,normal,0
0.1317,0,2,1063,3152,normal,0
1.395,0,3,131,2519,normal,0
0.0933,0,1,1182,3125,normal,0
0.1094,0,4,1858,58,honeypot_probe,1
0.0012,0,0,33,60,ddos_attack,1
0.2155,0,4,850,55,honeypot_probe,1
0.005,0,4,1459,47,honeypot_probe,1
0.3302,0,1,524,2354,normal,0
0.7896,0,0,1095,1096,normal,0
0.2485,0,3,718,3956,normal,0
0.2609,0,0,667,444,normal,0
1.5603,0,2,979,2884,normal,0
0.9807,0,0,1039,1203,normal,0
0.0187,0,0,57,14,ddos_attack,1
0.0442,0,4,1784,20,honeypot_probe,1
2.469,0,1,90,1622,normal,0
0.0019,0,3,62,56,ddos_attack,1
0.0664,0,4,846,41,honeypot_probe,1
0.1889,0,3,1053,3075,normal,0
0.1647,1,0,820,4049,normal,0
0.0035,0,0,27,18,ddos_attack,1
0.056,0,2,1398,534,normal,0
0.016,0,1,12,18,ddos_attack,1
0.6674,0,2,876,1914,normal,0
0.0069,0,4,1624,64,honeypot_probe,1
0.0054,0,1,32,29,ddos_attack,1
0.3003,0,2,168,823,normal,0
1.0498,0,3,704,1921,normal,0
0.1327,1,3,90,3228,normal,0
0.0878,1,0,834,2034,normal,0
0.8982,0,0,294,1095,normal,0
0.0112,0,0,42,37,ddos_attack,1
0.1707,0,2,1481,2650,normal,0
0.4635,0,1,1188,2307,normal,0
0.3841,0,1,1088,2747,normal,0
0.5266,0,3,1131,3277,normal,0
0.2906,0,3,537,1807,normal,0
0.0664,0,4,1690,5,honeypot_probe,1
1.1454,1,3,1026,3877,normal,0
0.5303,0,0,89,3465,normal,0
0.3947,0,0,1243,2000,normal,0
0.0776,0,2,970,3119,normal,0
0.2054,0,0,1045,2038,normal,0
0.1042,0,2,971,3329,normal,0
0.3659,0,3,775,1107,normal,0
0.3076,0,1,165,1080,normal,0
0.6896,1,3,149,2909,normal,0
0.5076,0,2,623,244,normal,0
0.0187,0,0,53,60,ddos_attack,1
1.1546,0,2,961,926,normal,0
0.0286,0,3,60,56,ddos_attack,1
0.0024,0,1,20,12,ddos_attack,1
0.821,0,3,904,3270,normal,0
0.2971,0,1,686,1115,normal,0
0.1658,0,2,523,3007,normal,0
0.7149,0,3,914,1665,normal,0
0.0022,0,1,37,26,ddos_attack,1
0.12,0,2,1045,1455,normal,0
0.0012,0,3,40,56,ddos_attack,1
0.4463,0,0,621,3080,normal,0
0.147,0,1,587,831,normal,0
0.0135,0,4,1057,4,honeypot_probe,1
0.7411,0,0,115,2291,normal,0
0.5377,0,1,681,546,normal,0
0.0603,0,3,223,3045,normal,0
0.2203,0,0,1297,1664,normal,0
0.7226,0,0,678,689,normal,0
0.6988,0,0,1121,3067,normal,0
0.0093,0,0,23,13,ddos_attack,1
0.1743,0,2,70,1311,normal,0
0.1351,0,0,279,3303,normal,0
0.0015,0,0,41,44,ddos_attack,1
0.9224,0,0,759,154,normal,0
0.757,0,0,436,3815,normal,0
0.005,0,4,1851,12,honeypot_probe,1
0.0277,0,4,736,65,honeypot_probe,1
0.6592,1,2,184,3231,normal,0
1.2636,0,0,1352,2263,normal,0
0.0664,0,0,808,1757,normal,0
0.8494,1,1,621,2122,normal,0
0.0054,0,1,38,22,ddos_attack,1
0.63,0,0,1337,698,normal,0
0.7886,1,0,397,2288,normal,0
0.2786,0,4,296,61,honeypot_probe,1
0.2202,0,0,1304,3598,normal,0
0.1021,0,0,631,671,normal,0
0.4564,0,0,736,1750,normal,0
0.1966,0,0,434,1711,normal,0
0.5081,0,1,345,3761,normal,0
0.015,0,3,51,63,ddos_attack,1
0.3298,0,2,1328,2188,normal,0
0.3744,0,1,1359,1656,normal,0
0.4511,0,0,701,4027,normal,0
0.2731,0,0,357,3071,normal,0
0.7971,0,2,609,2411,normal,0
0.2472,1,3,1127,1324,normal,0
0.1521,0,4,550,12,honeypot_probe,1
0.4301,0,2,1367,3041,normal,0
0.2072,0,1,708,575,normal,0
0.9593,0,1,1288,1770,normal,0
0.4069,0,1,213,3050,normal,0
0.5673,0,1,595,3488,normal,0
0.1993,0,1,1499,2348,normal,0
0.0105,0,1,20,30,ddos_attack,1
0.5962,0,3,881,3572,normal,0
0.1453,0,0,918,2075,normal,0
0.3617,0,3,460,3379,normal,0
0.2449,0,4,1814,75,honeypot_probe,1
0.0057,0,1,26,47,ddos_attack,1
0.4316,0,1,781,3344,normal,0
0.0268,0,0,762,1669,normal,0
0.0004,0,1,60,18,ddos_attack,1
0.0664,0,4,795,82,honeypot_probe,1
0.2406,0,0,1350,239,normal,0
0.214,0,1,1404,1683,normal,0
0.2486,0,2,459,649,normal,0
0.0149,0,4,1884,21,honeypot_probe,1
0.2698,0,1,539,2531,normal,0
0.2625,0,4,1015,54,honeypot_probe,1
0.9156,1,0,820,2065,normal,0
0.1242,0,4,1269,86,honeypot_probe,1
1.4433,0,2,655,2191,normal,0
0.8706,0,3,1082,904,normal,0
0.031,0,4,612,36,honeypot_probe,1
0.5396,0,2,1355,2326,normal,0
1.3548,0,2,433,3426,normal,0
0.004,0,0,22,53,ddos_attack,1
0.0256,0,4,1756,23,honeypot_probe,1
0.0368,0,2,686,1620,normal,0
0.0341,0,4,1474,22,honeypot_probe,1
0.7383,0,0,1254,4009,normal,0
0.2161,1,2,1413,2756,normal,0
0.1544,0,2,1006,3138,normal,0
0.4889,0,1,1018,1799,normal,0
0.1442,0,1,223,3136,normal,0
0.127,0,4,1591,58,honeypot_probe,1
0.028,0,0,13,4,ddos_attack,1
0.0114,0,0,37,32,ddos_attack,1
0.0064,0,1,36,17,ddos_attack,1
0.0763,0,4,1073,68,honeypot_probe,1
0.0933,0,1,936,1380,normal,0
0.3928,0,1,617,2963,normal,0
0.0926,0,3,324,2392,normal,0
0.0051,0,3,27,13,ddos_attack,1
0.0046,0,3,38,41,ddos_attack,1
0.0189,0,4,264,52,honeypot_probe,1
0.2885,0,2,1360,2404,normal,0
0.3949,0,3,578,2368,normal,0
0.0915,0,2,712,1469,normal,0
0.0257,0,4,968,88,honeypot_probe,1
0.0063,0,1,19,27,ddos_attack,1
0.1154,0,1,1263,1986,normal,0
0.2665,1,0,781,770,normal,0
0.0883,0,3,802,1611,normal,0
0.4047,0,0,1010,2463,normal,0
0.1915,0,0,1013,748,normal,0
0.3804,0,0,995,3893,normal,0
0.348,0,1,794,1960,normal,0
0.0519,0,0,770,2089,normal,0
0.0017,0,1,41,59,ddos_attack,1
0.2676,0,2,622,1365,normal,0
0.1352,0,0,612,3988,normal,0
0.8937,0,2,174,3835,normal,0
0.823,0,1,423,3685,normal,0
0.7398,0,0,183,1103,normal,0
0.0154,0,1,14,63,ddos_attack,1
0.124,0,2,79,3638,normal,0
0.8317,1,1,336,1774,normal,0
0.2237,0,4,683,37,honeypot_probe,1
0.0169,0,3,50,35,ddos_attack,1
0.4699,0,1,177,1900,normal,0
0.063,0,4,1500,79,honeypot_probe,1
0.2325,0,4,1732,69,honeypot_probe,1
0.0287,0,0,45,32,ddos_attack,1
0.9371,0,2,159,3583,normal,0
0.658,0,1,1380,2469,normal,0
0.0081,0,3,33,52,ddos_attack,1
0.7703,1,1,883,1809,normal,0
0.3454,1,1,1205,720,normal,0
0.1855,0,4,1529,13,honeypot_probe,1
0.0417,0,4,502,32,honeypot_probe,1
0.6302,0,0,1204,1221,normal,0
0.309,0,1,664,1288,normal,0
0.0006,0,3,45,31,ddos_attack,1
0.1053,0,4,343,50,honeypot_probe,1
0.2137,1,0,1243,1716,normal,0
0.018,0,0,17,57,ddos_attack,1
0.0073,0,3,47,20,ddos_attack,1
0.1676,0,1,973,2740,normal,0
0.0087,0,1,49,41,ddos_attack,1
1.0343,0,0,1130,3122,normal,0
1.045,0,0,1242,1800,normal,0
0.2358,0,3,1423,194,normal,0
0.0041,0,0,46,30,ddos_attack,1
0.6491,0,0,1013,2032,normal,0
0.3738,0,0,834,2075,normal,0
0.1871,0,0,1396,2006,normal,0
0.0856,0,2,1065,1798,normal,0
0.0368,0,0,1445,3845,normal,0
1.2908,0,1,1392,2444,normal,0
0.1501,0,4,770,84,honeypot_probe,1
0.0057,0,3,27,59,ddos_attack,1
0.6039,0,0,405,1956,normal,0
0.0018,0,0,57,45,ddos_attack,1
0.6263,0,3,76,430,normal,0
0.4135,0,0,440,4003,normal,0
0.0333,0,4,215,90,honeypot_probe,1
0.0377,0,2,794,3792,normal,0
0.0079,0,4,1697,20,honeypot_probe,1
0.2958,0,0,93,2802,normal,0
0.0033,0,3,25,21,ddos_attack,1
0.0013,0,0,47,42,ddos_attack,1
0.0386,0,3,18,17,ddos_attack,1
0.0595,0,1,1250,565,normal,0
0.0028,0,0,1383,995,normal,0
0.0222,0,0,1082,1917,normal,0
0.3419,0,3,468,3879,normal,0
0.6659,0,3,228,3053,normal,0
0.0463,0,0,932,939,normal,0
0.38,0,2,272,3644,normal,0
0.3169,0,1,691,1641,normal,0
1.6922,0,0,923,1740,normal,0
0.0099,0,4,1580,56,honeypot_probe,1
0.0082,0,4,1477,51,honeypot_probe,1
0.9312,0,1,392,717,normal,0
0.0003,0,1,28,35,ddos_attack,1
0.2138,0,0,1278,3588,normal,0
0.017,0,3,1134,3264,normal,0
0.1322,0,4,1605,65,honeypot_probe,1
0.5144,0,1,1428,441,normal,0
0.0008,0,1,30,29,ddos_attack,1
0.208,0,3,743,3392,normal,0
0.0051,0,0,11,0,ddos_attack,1
0.2391,0,2,1296,1437,normal,0
0.125,0,1,872,298,normal,0
1.4393,0,0,1077,1219,normal,0
0.7827,0,0,1455,2961,normal,0
0.1525,0,1,893,1033,normal,0
0.2542,0,2,956,3829,normal,0
0.5302,0,2,627,761,normal,0
0.9802,0,1,1462,1770,normal,0
0.1899,0,4,1580,61,honeypot_probe,1
0.0903,1,1,669,1582,normal,0
1.2496,0,1,850,3085,normal,0
0.133,1,3,127,3300,normal,0
0.0035,0,3,19,2,ddos_attack,1
0.025,0,1,49,49,ddos_attack,1
0.0021,0,1,11,43,ddos_attack,1
0.0885,0,2,92,902,normal,0
0.3796,0,3,180,407,normal,0
1.4497,0,1,1108,1224,normal,0
0.1523,0,0,269,2601,normal,0
0.1238,0,2,517,722,normal,0
0.0871,0,1,683,2589,normal,0
0.3236,0,2,973,403,normal,0
1.6397,0,1,238,1536,normal,0
0.0342,0,0,22,46,ddos_attack,1
0.0056,0,1,49,3,ddos_attack,1
0.0076,0,3,42,6,ddos_attack,1
0.6287,0,0,1173,1615,normal,0
0.2997,0,1,712,1040,normal,0
0.1284,0,1,916,434,normal,0
0.093,0,2,348,457,normal,0
0.0133,0,0,33,39,ddos_attack,1
0.103,0,0,66,1726,normal,0
0.7638,0,1,278,3882,normal,0
0.1868,0,0,1411,1355,normal,0
0.1152,0,4,1559,62,honeypot_probe,1
0.0157,0,0,22,40,ddos_attack,1
0.0423,0,4,1099,1,honeypot_probe,1
0.7315,0,0,521,957,normal,0
0.022,0,4,960,52,honeypot_probe,1
0.0159,0,4,1875,40,honeypot_probe,1
0.0044,0,3,41,5,ddos_attack,1
0.0031,0,0,58,42,ddos_attack,1
0.1024,0,1,273,3495,normal,0
0.0178,0,0,491,520,normal,0
0.0278,0,1,29,40,ddos_attack,1
0.1186,0,0,712,1491,normal,0
0.0075,0,1,229,2491,normal,0
0.1037,0,4,262,98,honeypot_probe,1
0.1537,0,4,421,23,honeypot_probe,1
0.5632,0,2,1078,2822,normal,0
2.1482,0,0,1229,849,normal,0
0.751,1,2,153,1923,normal,0
0.523,0,3,309,399,normal,0
0.3911,0,4,1658,17,honeypot_probe,1
0.2538,0,0,1190,411,normal,0
2.7037,0,0,463,1654,normal,0
0.063,1,2,237,1769,normal,0
0.0012,0,0,26,40,ddos_attack,1
0.4471,0,1,917,2841,normal,0
0.4266,1,1,973,3329,normal,0
0.2018,0,2,992,3199,normal,0
0.164,0,4,581,36,honeypot_probe,1
0.11,1,0,923,1081,normal,0
0.1528,0,1,278,1432,normal,0
0.7538,0,1,167,2209,normal,0
1.6676,0,2,204,2649,normal,0
0.0995,0,0,459,461,normal,0
0.1618,0,4,665,79,honeypot_probe,1
0.0347,0,1,35,27,ddos_attack,1
0.1358,0,4,1232,46,honeypot_probe,1
0.2649,1,0,825,696,normal,0
0.0923,0,0,1360,2639,normal,0
0.4662,0,3,597,235,normal,0
0.015,0,0,1200,1831,normal,0
0.5066,0,1,417,750,normal,0
0.015,0,0,42,32,ddos_attack,1
0.2284,0,4,643,86,honeypot_probe,1
0.3201,0,3,620,717,normal,0
0.0055,0,4,1503,12,honeypot_probe,1
0.1462,0,0,449,376,normal,0
0.5585,0,0,439,851,normal,0
0.6423,0,2,556,465,normal,0
0.3311,0,1,1025,2492,normal,0
0.2053,0,2,78,1382,normal,0
0.0185,0,0,43,52,ddos_attack,1
0.4786,0,1,411,821,normal,0
0.2043,0,4,1911,34,honeypot_probe,1
0.1736,0,2,184,2594,normal,0
0.3185,0,0,77,1047,normal,0
0.0057,0,0,48,54,ddos_attack,1
0.002,0,3,36,58,ddos_attack,1
0.0381,0,4,813,80,honeypot_probe,1
0.0277,0,2,528,1607,normal,0
0.0163,0,1,631,165,normal,0
1.6915,0,2,71,3643,normal,0
0.6661,0,3,779,346,normal,0
0.1575,0,3,857,1371,normal,0
0.1864,0,3,869,2364,normal,0
0.0012,0,4,885,89,honeypot_probe,1
0.3168,0,1,1126,3931,normal,0
1.1163,1,2,339,1303,normal,0
0.2085,0,2,1476,2008,normal,0
0.0013,0,1,36,14,ddos_attack,1
0.1394,1,2,1058,942,normal,0
0.0464,0,0,15,13,ddos_attack,1
0.0691,0,1,326,2818,normal,0
1.1975,0,0,1111,398,normal,0
0.0054,0,0,26,17,ddos_attack,1
0.0571,0,0,351,3323,normal,0
1.9217,1,1,510,2960,normal,0
0.1565,0,1,1415,534,normal,0
0.6071,0,0,1192,1826,normal,0
0.0917,0,0,918,3214,normal,0
0.0495,0,0,517,3642,normal,0
0.7018,0,0,870,2999,normal,0
0.9875,0,2,119,1381,normal,0
0.2853,0,0,1462,4067,normal,0
0.3332,0,2,109,2615,normal,0
0.1837,0,3,1259,1036,normal,0
0.7567,0,1,1368,1459,normal,0
1.0977,0,0,115,2903,normal,0
0.0054,0,0,25,34,ddos_attack,1
0.1795,0,4,1019,92,honeypot_probe,1
0.3215,0,3,1264,1203,normal,0
0.2948,1,1,831,2930,normal,0
0.3228,0,3,753,2118,normal,0
0.4926,0,2,1126,2633,normal,0
0.2358,0,1,882,2222,normal,0
0.0187,0,4,1584,12,honeypot_probe,1
0.1792,0,3,879,2004,normal,0
0.1264,0,4,796,26,honeypot_probe,1
0.1334,0,0,1459,1714,normal,0
0.087,0,2,294,1390,normal,0
0.4963,1,0,135,3462,normal,0
1.1841,0,1,804,2003,normal,0
0.0478,0,2,839,4053,normal,0
0.3203,0,1,1195,3475,normal,0
0.2007,1,1,507,4012,normal,0
0.2131,0,0,1478,555,normal,0
0.3526,0,2,1246,2440,normal,0
0.774,1,0,1056,3991,normal,0
0.2578,1,0,1399,2589,normal,0
1.0333,0,2,902,143,normal,0
0.0285,0,3,44,43,ddos_attack,1
0.2537,0,1,1307,2138,normal,0
1.9379,0,3,857,2650,normal,0
0.8865,0,1,1081,697,normal,0
1.2987,0,0,280,1479,normal,0
0.0519,0,0,330,1566,normal,0
0.1903,0,1,1334,1187,normal,0
0.0838,0,2,855,3710,normal,0
3.0865,0,2,401,1458,normal,0
1.1944,0,3,72,1648,normal,0
0.0055,0,4,639,39,honeypot_probe,1
0.3249,0,2,1110,3020,normal,0
0.146,1,0,1209,3643,normal,0
0.2673,0,1,1233,2653,normal,0
0.2183,0,0,683,4078,normal,0
0.6364,0,4,787,83,honeypot_probe,1
0.2575,0,3,632,1315,normal,0
0.057,0,4,1567,77,honeypot_probe,1
0.0736,0,4,265,67,honeypot_probe,1
0.1675,0,1,900,1253,normal,0
0.0147,0,0,16,29,ddos_attack,1
0.0296,0,1,141,3237,normal,0
0.2125,0,2,980,3291,normal,0
0.081,0,4,1094,14,honeypot_probe,1
0.4476,0,0,1202,523,normal,0
0.9658,0,1,746,1684,normal,0
0.8721,0,0,68,2406,normal,0
0.5198,0,0,649,4018,normal,0
0.5216,0,1,107,2872,normal,0
0.1089,1,0,86,1787,normal,0
0.471,0,2,684,1344,normal,0
1.3902,0,2,1241,1174,normal,0
0.4097,0,1,1315,1353,normal,0
0.7592,0,0,1130,3046,normal,0
0.9092,0,0,1240,3149,normal,0
1.1924,0,0,486,1689,normal,0
0.2111,0,2,159,1413,normal,0
0.031,0,4,1166,26,honeypot_probe,1
1.4506,0,0,150,236,normal,0
0.0396,0,4,1809,97,honeypot_probe,1
0.0782,0,0,254,2124,normal,0
0.0104,0,1,1346,1590,normal,0
0.0197,0,4,1063,70,honeypot_probe,1
0.2864,0,2,248,3538,normal,0
0.3097,1,0,850,922,normal,0
0.1327,0,4,680,50,honeypot_probe,1
0.2678,0,1,249,3079,normal,0
0.0988,0,4,865,17,honeypot_probe,1
0.0045,0,0,1341,3674,normal,0
0.3761,0,0,1146,573,normal,0
0.0134,0,0,1147,2504,normal,0
0.3017,0,2,247,1150,normal,0
0.406,0,1,1254,1376,normal,0
0.4842,0,2,857,3227,normal,0
0.568,1,1,1117,2641,normal,0
0.059,0,4,1826,29,honeypot_probe,1
0.69,0,3,243,924,normal,0
0.2792,0,0,504,1014,normal,0
0.0552,0,2,531,2888,normal,0
0.0527,0,4,1158,20,honeypot_probe,1
0.0352,0,4,1716,54,honeypot_probe,1
0.257,0,1,1443,1611,normal,0
0.619,0,1,753,1299,normal,0
0.1056,1,1,104,3080,normal,0
0.3926,0,0,607,1601,normal,0
0.308,0,0,1399,2989,normal,0
0.5289,1,0,606,3360,normal,0
1.124,0,2,356,3113,normal,0
0.1936,0,3,325,707,normal,0
0.2631,0,3,506,853,normal,0
0.4703,0,1,561,2045,normal,0
0.1967,1,1,1438,3533,normal,0
0.1829,0,3,1106,1498,normal,0
0.0902,0,4,291,51,honeypot_probe,1
0.1192,1,3,1283,2253,normal,0
0.477,1,3,575,2005,normal,0
0.1168,0,1,831,2638,normal,0
0.2297,0,3,168,821,normal,0
0.0139,0,0,10,49,ddos_attack,1
0.0645,0,4,343,27,honeypot_probe,1
0.5816,0,1,900,1146,normal,0
0.1754,0,4,950,6,honeypot_probe,1
0.4582,0,1,87,3225,normal,0
0.0179,0,1,26,52,ddos_attack,1
0.6226,0,2,1289,1399,normal,0
0.2668,0,0,1047,4060,normal,0
0.126,0,1,1171,427,normal,0
0.1679,0,3,934,1493,normal,0
0.011,0,4,1833,61,honeypot_probe,1
0.9378,0,3,1434,3725,normal,0
0.0211,0,0,41,27,ddos_attack,1
0.0014,0,0,45,49,ddos_attack,1
0.153,0,1,429,1313,normal,0
0.001,0,1,48,26,ddos_attack,1
0.0015,0,3,23,13,ddos_attack,1
0.1087,0,0,909,2937,normal,0
0.3557,1,2,353,572,normal,0
0.3042,0,1,1231,3588,normal,0
0.0785,0,3,844,1023,normal,0
0.0016,0,0,22,61,ddos_attack,1
0.0227,0,0,1191,466,normal,0
0.8916,0,1,831,3157,normal,0
0.0039,0,1,25,0,ddos_attack,1
0.0003,0,0,28,52,ddos_attack,1
0.1029,1,3,255,3888,normal,0
0.01,0,1,15,25,ddos_attack,1
3.9587,0,2,862,3403,normal,0
0.0315,0,4,342,60,honeypot_probe,1
0.0158,0,0,40,33,ddos_attack,1
1.2443,0,2,873,633,normal,0
0.0044,0,0,1416,1724,normal,0
0.6142,0,0,1209,445,normal,0
0.0094,0,1,1012,3269,normal,0
1.4703,0,2,1330,1771,normal,0
0.3876,0,0,344,4002,normal,0
0.1469,1,1,1310,1900,normal,0
0.0128,0,1,13,17,ddos_attack,1
0.0564,0,2,1256,186,normal,0
0.0563,1,0,462,2690,normal,0
0.0796,0,4,727,13,honeypot_probe,1
0.4184,0,2,903,487,normal,0
1.0149,0,0,979,2767,normal,0
1.0995,1,0,1276,3496,normal,0
0.011,0,4,1484,63,honeypot_probe,1
0.0553,0,1,1362,1429,normal,0
0.0415,0,4,1184,55,honeypot_probe,1
0.0449,1,0,492,3277,normal,0
0.0064,0,1,26,6,ddos_attack,1
1.2052,0,1,1131,1634,normal,0
1.3453,0,0,1011,421,normal,0
0.3604,0,0,129,2316,normal,0
0.9672,0,2,309,3031,normal,0
0.083,0,0,1158,1464,normal,0
0.011,0,1,61,51,ddos_attack,1
0.1783,0,1,180,484,normal,0
0.0992,0,2,1368,1662,normal,0
0.4837,0,0,1137,1293,normal,0
1.7698,0,0,1071,2508,normal,0
0.0564,1,2,290,498,normal,0
0.0163,0,1,1215,2207,normal,0
0.0058,0,4,1443,35,honeypot_probe,1
0.4868,0,0,1457,2506,normal,0
0.57,0,3,974,3434,normal,0
0.0188,0,4,611,95,honeypot_probe,1
0.0422,1,3,1018,3908,normal,0
0.0081,0,3,27,12,ddos_attack,1
0.3322,0,3,543,2463,normal,0
0.4301,0,0,912,661,normal,0
0.0864,1,0,825,1133,normal,0
0.0381,0,4,533,57,honeypot_probe,1
0.711,0,0,313,3294,normal,0
0.0193,0,3,1156,3013,normal,0
0.0095,0,3,45,56,ddos_attack,1
0.0445,0,4,1206,14,honeypot_probe,1
1.107,0,3,1424,617,normal,0
0.1257,0,0,1174,706,normal,0
0.0506,0,0,38,21,ddos_attack,1
0.0293,0,4,1884,28,honeypot_probe,1
0.0507,0,4,1782,22,honeypot_probe,1
0.0004,0,3,12,20,ddos_attack,1
0.924,0,0,210,3883,normal,0
0.0012,0,2,396,1371,normal,0
0.4977,0,0,1253,3898,normal,0
0.03,0,4,1412,33,honeypot_probe,1
0.1864,0,2,1247,2439,normal,0
0.0138,0,1,14,17,ddos_attack,1
0.4525,0,1,68,2209,normal,0
0.0141,0,0,47,60,ddos_attack,1
0.0003,0,0,34,52,ddos_attack,1
0.3559,0,0,515,3627,normal,0
0.0233,0,1,483,466,normal,0
0.0704,0,3,1294,2861,normal,0
0.2397,0,1,1346,3169,normal,0
0.7326,0,2,1340,1293,normal,0
0.318,0,2,71,3268,normal,0
0.0454,0,0,29,23,ddos_attack,1
0.0045,0,1,24,28,ddos_attack,1
0.0076,0,0,42,47,ddos_attack,1
0.1175,0,1,363,1164,normal,0
0.0052,0,3,54,36,ddos_attack,1
1.5681,0,1,498,148,normal,0
0.1026,0,4,1296,64,honeypot_probe,1
0.071,0,4,1800,85,honeypot_probe,1
0.1356,0,4,625,61,honeypot_probe,1
0.0482,0,4,604,1,honeypot_probe,1
0.5404,0,2,901,3350,normal,0
0.1144,0,1,368,673,normal,0
0.0072,0,2,1359,1939,normal,0
0.0057,0,0,41,14,ddos_attack,1
0.7071,0,3,739,3375,normal,0
1.1624,0,1,149,1805,normal,0
0.1171,0,0,334,1728,normal,0
0.0288,0,1,51,41,ddos_attack,1
0.4584,1,1,302,3533,normal,0
0.0236,0,1,63,25,ddos_attack,1
0.0462,0,0,39,57,ddos_attack,1
0.511,0,0,367,259,normal,0
0.0686,0,2,1290,1412,normal,0
1.4163,0,1,349,3712,normal,0
0.0232,0,3,36,55,ddos_attack,1
0.0126,0,0,1425,2849,normal,0
0.9005,0,0,239,1300,normal,0
1.3428,0,1,1465,729,normal,0
0.5963,0,0,1287,530,normal,0
0.5059,0,0,512,870,normal,0
0.0082,0,0,46,30,ddos_attack,1
0.3924,0,0,196,1800,normal,0
0.2774,0,2,1130,756,normal,0
0.224,1,1,296,372,normal,0
0.0005,1,1,280,3103,normal,0
0.0051,0,0,17,48,ddos_attack,1
0.2064,0,1,1131,1306,normal,0
0.506,1,1,1100,2297,normal,0
0.0109,0,0,36,44,ddos_attack,1
0.0226,0,2,305,3821,normal,0
0.5925,1,1,351,2329,normal,0
0.4774,0,1,946,2837,normal,0
0.0645,0,4,1010,81,honeypot_probe,1
0.0056,0,0,1152,3713,normal,0
0.1101,0,0,1279,1293,normal,0
1.5424,0,2,1236,2774,normal,0
0.3555,0,3,1191,488,normal,0
0.0092,0,0,62,26,ddos_attack,1
0.0924,0,4,441,30,honeypot_probe,1
0.0239,1,0,1014,186,normal,0
0.9068,0,2,175,3612,normal,0
0.0415,0,4,867,49,honeypot_probe,1
0.0858,0,2,841,487,normal,0
0.6347,0,1,346,3394,normal,0
0.9241,0,2,489,1968,normal,0
0.0518,0,4,290,71,honeypot_probe,1
0.0681,0,3,1053,3513,normal,0
0.0056,0,1,31,2,ddos_attack,1
0.6528,0,3,1204,368,normal,0
0.2703,0,4,1005,9,honeypot_probe,1
0.0057,0,3,58,13,ddos_attack,1
0.0063,0,0,53,1,ddos_attack,1
0.7043,0,2,628,128,normal,0
0.0227,0,3,574,1729,normal,0
0.093,0,1,213,1174,normal,0
0.7212,0,0,1196,679,normal,0
0.3013,1,1,1230,2212,normal,0
0.3354,1,2,73,2621,normal,0
0.001,0,3,10,16,ddos_attack,1
0.5746,0,1,1428,2434,normal,0
0.003,0,3,61,5,ddos_attack,1
0.0045,0,0,13,58,ddos_attack,1
0.3225,0,1,790,1388,normal,0
0.8505,0,1,1057,3631,normal,0
0.1541,0,4,930,85,honeypot_probe,1
0.1267,0,1,1239,3074,normal,0
0.0535,0,4,1302,92,honeypot_probe,1
0.0031,0,0,18,36,ddos_attack,1
0.5222,0,0,801,2252,normal,0
0.0271,0,4,483,63,honeypot_probe,1
0.205,0,0,1046,2508,normal,0
0.0024,0,3,61,2,ddos_attack,1
0.8652,0,0,823,3052,normal,0
0.153,0,4,1236,80,honeypot_probe,1
0.2464,0,1,1438,3331,normal,0
0.2104,0,2,860,1657,normal,0
0.0348,0,4,1401,20,honeypot_probe,1
0.0079,0,1,60,32,ddos_attack,1
0.3068,0,3,1459,2043,normal,0
1.0588,0,0,736,1401,normal,0
0.2042,0,1,1253,3958,normal,0
0.6736,0,1,348,4086,normal,0
0.0516,0,4,1694,44,honeypot_probe,1
0.8149,0,1,509,2919,normal,0
0.4296,1,0,645,3719,normal,0
0.0043,0,0,51,3,ddos_attack,1
0.3957,0,0,1368,2979,normal,0
0.0379,0,0,271,260,normal,0
0.0795,0,4,568,54,honeypot_probe,1
0.0167,0,1,18,14,ddos_attack,1
0.206,0,0,1236,1848,normal,0
0.0655,0,0,362,3036,normal,0
0.4505,0,3,1145,1118,normal,0
0.0455,0,2,825,1564,normal,0
0.1139,0,4,1749,34,honeypot_probe,1
0.1443,1,2,1250,1393,normal,0
0.0053,0,0,45,26,ddos_attack,1
0.0064,0,3,17,14,ddos_attack,1
1.031,0,1,1328,157,normal,0
0.5339,0,2,170,2554,normal,0
0.0047,0,1,14,50,ddos_attack,1
0.017,0,3,479,553,normal,0
1.7503,0,2,1407,245,normal,0
1.2493,0,1,766,2712,normal,0
0.0256,0,0,351,4064,normal,0
0.271,1,3,822,1399,normal,0
0.0385,0,4,580,75,honeypot_probe,1
0.0146,0,3,10,31,ddos_attack,1
0.007,0,3,55,23,ddos_attack,1
0.2413,0,2,177,1530,normal,0
0.24,0,3,668,2115,normal,0
0.0279,0,1,1320,3086,normal,0
0.3866,1,3,443,2969,normal,0
0.595,1,0,268,3176,normal,0
0.0486,0,0,43,13,ddos_attack,1
0.0616,0,1,1025,1569,normal,0
0.3491,0,3,421,505,normal,0
0.001,0,0,35,56,ddos_attack,1
0.1682,1,3,1046,4070,normal,0
0.0625,0,3,176,3654,normal,0
0.212,0,1,571,1795,normal,0
0.047,0,4,1321,33,honeypot_probe,1
0.0125,0,4,981,33,honeypot_probe,1
0.1154,0,0,1057,1268,normal,0
0.1866,0,3,1410,2771,normal,0
0.4213,0,0,1374,602,normal,0
0.0548,0,0,244,852,normal,0
0.2983,0,1,600,1079,normal,0
0.0614,0,4,1946,48,honeypot_probe,1
2.0978,0,0,78,2225,normal,0
1.0894,0,0,863,2563,normal,0
0.0087,0,3,25,17,ddos_attack,1
0.0442,1,1,342,885,normal,0
0.0203,0,1,34,15,ddos_attack,1
0.0123,0,3,26,42,ddos_attack,1
0.0585,0,0,967,2414,normal,0
0.0682,0,3,1451,3222,normal,0
0.4123,0,2,1016,3428,normal,0
0.2041,0,4,1399,63,honeypot_probe,1
0.275,0,2,1362,198,normal,0
0.2985,0,0,833,2137,normal,0
0.1515,0,4,1955,93,honeypot_probe,1
0.5501,1,1,348,2659,normal,0
0.0341,0,0,55,62,ddos_attack,1
0.4088,0,0,276,3870,normal,0
0.0037,0,3,47,26,ddos_attack,1
0.7801,0,0,153,2151,normal,0
0.018,0,4,1902,86,honeypot_probe,1
0.8078,0,3,902,646,normal,0
0.9278,0,0,137,3615,normal,0
0.2779,0,1,1171,1166,normal,0
0.0038,0,3,40,63,ddos_attack,1
0.2127,0,4,577,51,honeypot_probe,1
0.0639,0,1,1157,3517,normal,0
0.0241,0,0,41,12,ddos_attack,1
2.2404,0,2,1372,737,normal,0
0.0126,0,0,58,36,ddos_attack,1
0.0169,0,0,462,1279,normal,0
0.97,0,0,570,2696,normal,0
0.1398,0,1,767,1304,normal,0
0.2055,0,0,579,3690,normal,0
0.0013,0,0,19,36,ddos_attack,1
0.0054,0,1,60,18,ddos_attack,1
0.0065,0,0,39,45,ddos_attack,1
0.0925,0,4,1603,47,honeypot_probe,1
0.0698,0,0,331,2902,normal,0
0.0173,0,0,34,61,ddos_attack,1
0.0351,0,4,1137,48,honeypot_probe,1
0.9712,0,1,280,848,normal,0
0.0116,0,0,36,47,ddos_attack,1
0.0073,0,1,19,45,ddos_attack,1
0.0325,0,4,1826,96,honeypot_probe,1
0.6959,0,0,762,3404,normal,0
0.0732,0,2,490,1807,normal,0
0.9301,0,0,371,1503,normal,0
0.0233,0,0,1120,195,normal,0
0.1575,0,4,627,94,honeypot_probe,1
0.4821,0,0,689,3649,normal,0
0.0467,0,4,378,10,honeypot_probe,1
0.2565,0,2,1172,2632,normal,0
0.0016,0,0,36,7,ddos_attack,1
0.2803,1,2,1032,2182,normal,0
0.0173,0,2,588,757,normal,0
0.0005,0,4,1543,49,honeypot_probe,1
0.0381,0,4,1853,83,honeypot_probe,1
0.1388,0,1,440,3688,normal,0
1.0194,0,3,1258,3712,normal,0
1.0854,0,0,1494,3306,normal,0
0.2472,0,4,493,39,honeypot_probe,1
0.0113,0,3,53,10,ddos_attack,1
0.5508,0,1,1429,3906,normal,0
1.5815,0,3,218,2661,normal,0
0.1361,1,1,257,1798,normal,0
0.2214,0,1,1005,682,normal,0
2.0444,0,0,942,4007,normal,0
0.5254,0,2,886,1069,normal,0
0.0057,0,0,47,21,ddos_attack,1
0.1575,0,4,649,98,honeypot_probe,1
1.3337,0,0,273,1015,normal,0
0.039,0,4,1049,44,honeypot_probe,1
0.0807,1,1,331,2291,normal,0
0.3969,0,2,1296,1030,normal,0
0.2128,0,2,155,2130,normal,0
0.2904,0,2,837,1970,normal,0
0.9455,0,0,88,2570,normal,0
0.1358,0,4,422,95,honeypot_probe,1
0.1519,1,2,654,571,normal,0
0.9475,0,3,1055,3923,normal,0
0.0269,0,1,31,56,ddos_attack,1
0.2119,0,1,1210,371,normal,0
0.3024,0,3,919,2641,normal,0
0.0314,0,4,1196,82,honeypot_probe,1
0.0062,0,1,13,56,ddos_attack,1
0.0603,0,0,1243,2476,normal,0
0.9561,0,3,724,1556,normal,0
0.5228,0,0,1247,709,normal,0
0.3342,0,2,346,3719,normal,0
0.0069,0,1,1329,2697,normal,0
0.4947,0,0,124,2339,normal,0
0.9861,0,1,1061,1585,normal,0
1.0577,0,3,537,186,normal,0
0.0004,0,1,10,7,ddos_attack,1
0.9375,0,1,356,3248,normal,0
0.0257,0,1,61,40,ddos_attack,1
0.4498,0,3,1328,1740,normal,0
0.2986,0,0,620,3417,normal,0
0.0698,0,4,1972,92,honeypot_probe,1
0.0371,0,3,32,44,ddos_attack,1
0.2244,0,4,1530,30,honeypot_probe,1
0.4856,0,3,73,1724,normal,0
0.0025,0,1,1125,2877,normal,0
0.3143,0,0,80,1534,normal,0
0.3143,0,3,971,3164,normal,0
0.0118,0,4,637,88,honeypot_probe,1
1.7307,0,3,1031,1443,normal,0
0.0272,1,3,579,3100,normal,0
0.0169,0,0,295,1086,normal,0
0.0151,0,1,54,29,ddos_attack,1
0.0091,0,0,55,3,ddos_attack,1
0.8671,1,1,649,3426,normal,0
0.7499,0,0,977,3502,normal,0
0.0635,1,0,980,222,normal,0
0.004,0,0,42,6,ddos_attack,1
0.5568,0,1,1230,3618,normal,0
0.2705,0,2,1289,3973,normal,0
0.0424,0,1,697,3708,normal,0
0.0635,0,4,778,89,honeypot_probe,1
0.0069,0,0,21,23,ddos_attack,1
0.1868,0,0,1061,1022,normal,0
0.2196,0,4,391,40,honeypot_probe,1
0.5535,0,2,582,2069,normal,0
0.047,0,4,599,78,honeypot_probe,1
0.2549,0,3,145,1688,normal,0
0.2164,0,4,477,71,honeypot_probe,1
0.0353,0,1,1430,3793,normal,0
0.0005,0,0,56,17,ddos_attack,1
0.0982,0,2,289,2598,normal,0
1.8112,0,2,224,1406,normal,0
0.8357,0,2,232,3723,normal,0
0.5338,1,0,1129,3041,normal,0
0.1189,0,2,967,857,normal,0
0.0041,0,1,18,7,ddos_attack,1
0.0801,0,1,382,1370,normal,0
0.2526,0,0,911,3192,normal,0
0.0007,0,1,42,20,ddos_attack,1
0.0375,0,4,320,14,honeypot_probe,1
0.3045,0,2,603,2531,normal,0
0.0302,0,4,1441,50,honeypot_probe,1
0.1089,0,4,1683,40,honeypot_probe,1
0.0045,0,1,26,4,ddos_attack,1
0.131,0,1,640,2490,normal,0
3.3221,0,0,466,1258,normal,0
0.0655,0,0,1213,190,normal,0
0.0983,0,3,112,785,normal,0
1.906,0,0,284,2111,normal,0
0.0179,0,0,42,22,ddos_attack,1
0.5191,1,0,1235,2932,normal,0
0.1452,1,1,305,829,normal,0
0.8944,0,3,272,3614,normal,0
0.0031,0,3,503,817,normal,0
0.7829,0,1,1265,735,normal,0
0.2218,0,2,301,1282,normal,0
0.2612,0,4,1346,55,honeypot_probe,1
0.7604,0,1,1088,850,normal,0
0.7067,0,0,124,2972,normal,0
0.1132,0,4,1469,3,honeypot_probe,1
0.2818,0,1,1009,1382,normal,0
0.0248,0,4,491,19,honeypot_probe,1
0.0024,0,0,44,25,ddos_attack,1
0.7873,0,0,865,865,normal,0
0.0385,1,2,1485,1595,normal,0
0.6329,0,0,388,3457,normal,0
2.0223,0,3,957,2610,normal,0
0.2343,0,0,766,3174,normal,0
0.1528,0,4,535,49,honeypot_probe,1
0.1003,0,4,1192,53,honeypot_probe,1
0.3123,1,0,1068,3089,normal,0
0.0394,0,0,39,54,ddos_attack,1
1.5467,0,1,908,3939,normal,0
0.542,0,0,659,2860,normal,0
0.2777,1,0,413,2457,normal,0
0.4652,0,1,83,2934,normal,0
0.0722,0,2,89,693,normal,0
0.4352,0,0,1170,2977,normal,0
0.2648,0,2,1485,4019,normal,0
0.0336,0,4,568,14,honeypot_probe,1
0.5387,0,1,978,415,normal,0
0.2115,0,1,338,3865,normal,0
0.8095,1,2,1267,3381,normal,0
0.153,0,2,471,1420,normal,0
0.0213,0,1,35,17,ddos_attack,1
0.016,0,1,439,955,normal,0
0.3153,0,1,105,2184,normal,0
0.4627,1,3,1114,3242,normal,0
0.053,0,2,999,3445,normal,0
0.0086,0,3,53,53,ddos_attack,1
0.2824,0,4,426,35,honeypot_probe,1
0.1374,0,3,1032,932,normal,0
0.0067,0,0,22,19,ddos_attack,1
0.6343,0,2,796,3415,normal,0
0.686,0,2,671,1980,normal,0
0.1379,0,0,1407,2073,normal,0
0.0991,0,1,1233,1826,normal,0
0.0258,0,1,56,51,ddos_attack,1
0.6345,1,1,554,1052,normal,0
0.0114,0,4,1266,48,honeypot_probe,1
0.3307,0,1,830,3493,normal,0
0.995,0,2,823,2285,normal,0
0.0183,0,4,362,47,honeypot_probe,1
1.0933,0,1,1119,1274,normal,0
0.574,0,1,1065,1893,normal,0
0.5948,0,0,876,851,normal,0
0.1671,0,0,199,2249,normal,0
0.785,0,1,794,2746,normal,0
0.261,0,1,270,542,normal,0
1.2382,0,0,959,1497,normal,0
0.0095,0,0,53,47,ddos_attack,1
0.354,0,0,720,3913,normal,0
0.1228,0,1,168,3986,normal,0
0.0844,0,4,726,84,honeypot_probe,1
0.1379,0,4,1486,5,honeypot_probe,1
0.7195,0,1,1437,1351,normal,0
0.194,0,0,280,750,normal,0
0.0162,0,1,45,16,ddos_attack,1
0.0111,0,1,43,39,ddos_attack,1
0.655,0,1,1311,251,normal,0
1.8383,0,0,1214,2913,normal,0
0.0088,0,1,31,37,ddos_attack,1
0.1076,0,2,726,852,normal,0
0.0643,0,0,980,2196,normal,0
0.5878,0,1,881,763,normal,0
1.8846,0,1,838,4064,normal,0
0.6931,0,1,1459,4025,normal,0
0.0299,0,0,759,2390,normal,0
1.1326,0,1,1204,743,normal,0
0.053,0,1,1282,2467,normal,0
2.0206,0,0,1481,2037,normal,0
0.1201,0,3,1486,3371,normal,0
0.0806,0,1,1017,1302,normal,0
0.0081,0,4,1076,94,honeypot_probe,1
0.4067,0,2,218,1842,normal,0
0.3701,0,3,771,2062,normal,0
0.0078,0,3,16,52,ddos_attack,1
0.3857,0,2,1179,240,normal,0
0.2034,0,2,490,1629,normal,0
0.1226,0,3,1396,1689,normal,0
0.3685,0,0,94,374,normal,0
0.0319,0,0,539,1451,normal,0
0.4032,1,1,1121,625,normal,0
0.3482,1,2,776,3585,normal,0
0.1562,0,2,1405,146,normal,0
0.4124,0,2,687,2907,normal,0
0.2771,1,1,1011,2569,normal,0
0.1095,1,0,452,1688,normal,0
0.8386,0,3,920,1519,normal,0
0.5559,0,4,1745,72,honeypot_probe,1
0.0069,0,0,28,42,ddos_attack,1
0.3531,1,0,909,2228,normal,0
0.056,0,4,1019,45,honeypot_probe,1
0.3664,0,2,152,1325,normal,0
0.0076,0,0,37,21,ddos_attack,1
0.4861,0,1,549,1883,normal,0
0.0159,0,1,53,14,ddos_attack,1
0.8845,0,1,698,332,normal,0
0.9466,0,0,314,262,normal,0
0.0362,0,3,61,37,ddos_attack,1
0.0004,0,4,1839,15,honeypot_probe,1
0.0022,0,0,32,29,ddos_attack,1
1.7703,1,3,936,3733,normal,0
0.0138,0,4,372,95,honeypot_probe,1
0.0006,0,0,12,48,ddos_attack,1
0.002,0,1,63,58,ddos_attack,1
0.0422,0,4,1630,51,honeypot_probe,1
0.0126,0,4,379,34,honeypot_probe,1
0.0731,0,4,1237,98,honeypot_probe,1
0.2732,0,4,218,23,honeypot_probe,1
2.2947,0,1,817,1730,normal,0
0.046,0,4,449,61,honeypot_probe,1
0.0394,0,3,51,47,ddos_attack,1
0.4168,0,2,332,3435,normal,0
0.1018,0,4,474,47,honeypot_probe,1
0.1415,0,2,170,2022,normal,0
0.008,0,0,53,17,ddos_attack,1
0.1029,0,0,192,383,normal,0
0.0521,0,2,209,2175,normal,0
0.3962,0,3,455,2407,normal,0
0.5174,0,1,1257,2303,normal,0
1.313,0,3,1013,533,normal,0
0.4419,0,0,355,2964,normal,0
0.7962,0,0,296,2649,normal,0
0.7417,0,1,199,3100,normal,0
0.3771,1,3,497,1379,normal,0
1.9348,0,2,1395,1798,normal,0
0.093,0,2,1263,2300,normal,0
0.21,1,2,1008,3606,normal,0
0.2201,0,0,1260,1340,normal,0
0.0179,0,4,367,23,honeypot_probe,1
0.217,0,2,270,3248,normal,0
0.0101,0,0,44,50,ddos_attack,1
0.0191,0,4,1032,13,honeypot_probe,1
0.0478,0,1,1356,3939,normal,0
0.3909,1,0,902,3113,normal,0
0.0242,0,1,48,51,ddos_attack,1
0.416,0,0,1341,2239,normal,0
0.4753,0,2,643,1605,normal,0
0.8267,0,1,1228,2752,normal,0
1.5469,0,1,575,377,normal,0
0.6291,0,0,899,2347,normal,0
0.2159,0,0,297,1541,normal,0
1.2318,0,1,759,4071,normal,0
0.0522,0,0,1374,1755,normal,0
0.4125,0,2,572,3351,normal,0
0.0034,0,0,44,18,ddos_attack,1
1.6234,0,1,1241,2412,normal,0
0.9457,0,3,101,2829,normal,0
0.1817,0,4,1040,37,honeypot_probe,1
0.4206,0,2,1331,1678,normal,0
0.2117,0,0,819,2341,normal,0
0.3474,0,1,1461,1821,normal,0
0.0235,0,0,36,24,ddos_attack,1
0.01,0,0,59,33,ddos_attack,1
0.111,1,2,847,1307,normal,0
0.0631,1,0,471,2962,normal,0
0.4224,0,0,1221,1460,normal,0
0.8785,0,2,1255,3543,normal,0
0.5915,1,3,520,2876,normal,0
0.0803,0,2,1210,358,normal,0
0.093,0,1,455,2503,normal,0
0.0565,0,4,281,37,honeypot_probe,1
0.1808,0,4,1726,49,honeypot_probe,1
0.1032,0,0,1287,353,normal,0
0.0087,0,3,28,42,ddos_attack,1
0.0319,0,3,27,23,ddos_attack,1
0.0148,0,4,1286,25,honeypot_probe,1
0.2693,0,4,1017,35,honeypot_probe,1
1.1587,0,1,696,473,normal,0
0.7807,0,2,460,919,normal,0
0.6882,0,3,447,502,normal,0
0.1957,0,3,1462,2807,normal,0
0.0487,0,0,661,240,normal,0
0.0096,0,1,13,29,ddos_attack,1
0.2687,0,4,1195,84,honeypot_probe,1
0.3077,0,1,1405,3545,normal,0
0.1101,0,3,943,3887,normal,0
0.0041,0,1,45,41,ddos_attack,1
0.3399,0,0,364,1350,normal,0
0.0004,0,0,38,57,ddos_attack,1
0.1516,0,4,1008,41,honeypot_probe,1
0.1423,0,0,71,3371,normal,0
0.2866,0,0,527,2531,normal,0
1.1573,0,3,371,3536,normal,0
0.6448,0,3,159,3313,normal,0
0.2402,0,1,643,1791,normal,0
0.0897,0,2,796,3641,normal,0
0.0089,0,1,590,3088,normal,0
0.8386,1,0,353,2193,normal,0
0.0008,0,0,26,58,ddos_attack,1
0.2093,0,4,625,90,honeypot_probe,1
0.0132,0,0,16,37,ddos_attack,1
1.3905,0,1,464,2225,normal,0
0.6555,0,0,91,515,normal,0
0.0061,0,1,43,46,ddos_attack,1
0.0226,0,0,30,25,ddos_attack,1
0.0189,0,3,312,2420,normal,0
0.6057,0,0,1153,4026,normal,0
0.0204,0,1,22,43,ddos_attack,1
0.003,0,0,31,39,ddos_attack,1
0.0344,0,4,1116,84,honeypot_probe,1
1.6085,0,2,765,2248,normal,0
0.6538,0,1,1021,1183,normal,0
0.0098,0,3,24,41,ddos_attack,1
0.0104,0,0,48,42,ddos_attack,1
0.273,0,0,735,2407,normal,0
0.0329,0,4,954,34,honeypot_probe,1
0.224,0,2,80,3089,normal,0
0.9272,0,1,237,1994,normal,0
0.1442,0,1,1204,3864,normal,0
0.0849,0,4,1290,71,honeypot_probe,1
2.0246,1,1,747,3677,normal,0
0.5741,0,1,134,3053,normal,0
0.1543,0,2,1264,3403,normal,0
0.0169,0,3,12,1,ddos_attack,1
0.3523,0,1,685,3100,normal,0
0.0266,0,1,48,43,ddos_attack,1
0.9643,0,0,1304,1886,normal,0
1.3913,1,3,1411,3422,normal,0
0.5958,0,4,375,9,honeypot_probe,1
0.0121,0,0,45,18,ddos_attack,1
0.1912,1,1,1176,1755,normal,0
0.4144,0,4,1612,80,honeypot_probe,1
0.8046,0,0,1208,3333,normal,0
0.0054,0,4,456,56,honeypot_probe,1
0.5674,0,1,82,1197,normal,0
0.2131,0,2,142,1813,normal,0
0.0051,0,0,54,18,ddos_attack,1
0.3616,0,1,917,244,normal,0
0.2593,0,0,247,787,normal,0
0.0504,0,4,1495,50,honeypot_probe,1
0.1681,0,2,907,1402,normal,0
2.6666,0,1,685,609,normal,0
0.0357,0,0,29,33,ddos_attack,1
0.0174,0,4,1698,22,honeypot_probe,1
0.1724,0,4,1107,29,honeypot_probe,1
0.0849,0,2,546,259,normal,0
0.0296,0,1,455,2424,normal,0
0.0222,0,4,1640,14,honeypot_probe,1
0.0866,0,4,1605,65,honeypot_probe,1
1.0847,0,2,1355,603,normal,0
0.8759,1,1,627,1589,normal,0
0.0759,1,1,902,2822,normal,0
0.3438,0,3,1006,775,normal,0
0.0641,0,2,1283,3923,normal,0
0.6104,0,0,1226,796,normal,0
0.3026,0,1,1147,3451,normal,0
0.2059,0,2,535,155,normal,0
1.0319,0,1,1047,995,normal,0
0.6425,0,0,1066,1670,normal,0
0.4694,0,1,1274,2091,normal,0
0.1677,1,3,1485,1350,normal,0
0.0471,0,3,621,985,normal,0
1.0978,0,0,906,1232,normal,0
0.0186,0,1,14,49,ddos_attack,1
0.4257,1,0,1241,1614,normal,0
0.0203,0,0,169,3681,normal,0
1.4675,0,0,1422,2830,normal,0
0.1244,0,4,1448,10,honeypot_probe,1
0.3219,0,1,918,3413,normal,0
0.1592,0,4,471,58,honeypot_probe,1
0.7693,0,0,1445,831,normal,0
0.7734,0,0,308,1711,normal,0
0.0927,0,1,228,2063,normal,0
0.01,0,0,34,60,ddos_attack,1
0.144,0,0,437,2883,normal,0
0.2688,0,2,380,1630,normal,0
0.0106,0,0,51,37,ddos_attack,1
0.1135,0,4,1439,27,honeypot_probe,1
0.041,0,0,1344,170,normal,0
0.4275,0,2,1487,3705,normal,0
0.0069,0,0,408,3959,normal,0
0.9862,0,0,198,2156,normal,0
0.8416,0,2,1450,4017,normal,0
0.0568,0,0,866,2658,normal,0
0.1476,0,2,560,1110,normal,0
0.0265,0,1,58,9,ddos_attack,1
0.0278,0,3,57,14,ddos_attack,1
0.3349,0,4,1211,13,honeypot_probe,1
0.0904,0,4,1760,53,honeypot_probe,1
0.4541,0,3,628,1519,normal,0
0.0658,0,0,975,1746,normal,0
0.4446,0,0,713,2866,normal,0
0.0013,0,0,18,35,ddos_attack,1
0.0506,0,4,775,65,honeypot_probe,1
0.0385,0,1,317,3742,normal,0
0.5817,1,1,873,3606,normal,0
0.1781,0,4,1178,87,honeypot_probe,1
0.0014,0,1,26,49,ddos_attack,1
0.2778,0,2,687,2223,normal,0
0.0255,0,1,20,9,ddos_attack,1
0.4592,0,0,231,3170,normal,0
0.3575,0,2,1308,1143,normal,0
0.0029,0,0,38,4,ddos_attack,1
1.1712,0,0,167,2318,normal,0
0.5313,0,0,1139,2176,normal,0
0.0306,0,4,1437,98,honeypot_probe,1
0.3139,0,0,68,3561,normal,0
0.1108,0,4,621,8,honeypot_probe,1
0.5742,0,2,410,2200,normal,0
0.0805,0,4,616,2,honeypot_probe,1
0.0655,1,0,491,860,normal,0
0.0096,0,3,35,39,ddos_attack,1
0.3632,0,0,128,2365,normal,0
0.1104,0,0,1064,3780,normal,0
0.0041,0,0,62,47,ddos_attack,1
0.0548,0,2,572,2825,normal,0
1.6727,0,0,734,965,normal,0
0.5254,0,2,1190,2017,normal,0
0.5683,0,1,1169,2764,normal,0
0.1634,0,0,1284,401,normal,0
0.0081,0,4,1167,49,honeypot_probe,1
1.1448,1,2,635,672,normal,0
0.033,0,1,50,18,ddos_attack,1
0.5201,0,0,96,1427,normal,0
0.0036,0,4,1747,31,honeypot_probe,1
0.0332,0,3,36,4,ddos_attack,1
0.1142,0,2,1027,1297,normal,0
0.0022,0,1,42,60,ddos_attack,1
0.1117,0,2,775,2015,normal,0
0.5871,0,2,455,2893,normal,0
0.0086,0,0,47,50,ddos_attack,1
0.0377,0,0,1432,2185,normal,0
1.2066,0,0,625,1558,normal,0
0.0387,0,3,140,2040,normal,0
0.0396,0,3,51,0,ddos_attack,1
0.0041,0,0,32,13,ddos_attack,1
1.5208,0,2,1156,2308,normal,0
0.1222,0,0,342,3629,normal,0
0.0333,0,1,952,978,normal,0
0.0281,0,4,1463,0,honeypot_probe,1
0.0034,0,0,51,33,ddos_attack,1
0.0132,0,1,1466,200,normal,0
0.2061,0,0,598,548,normal,0
0.5298,0,2,96,2822,normal,0
0.9393,0,2,80,2999,normal,0
0.1472,0,4,1017,59,honeypot_probe,1
0.3209,0,3,663,1866,normal,0
0.8015,0,1,193,276,normal,0
0.8186,0,0,1298,785,normal,0
0.1036,0,3,285,2777,normal,0
0.3034,0,0,464,2173,normal,0
1.5687,0,1,431,1063,normal,0
0.0127,0,1,17,0,ddos_attack,1
0.2605,0,2,453,1494,normal,0
0.1434,0,0,1467,938,normal,0
0.1035,0,0,402,1196,normal,0
0.0327,1,0,1386,2590,normal,0
0.5192,0,2,550,3929,normal,0
0.1218,0,2,341,2128,normal,0
0.1428,0,0,399,733,normal,0
0.5805,0,0,1041,3589,normal,0
0.3167,0,1,1012,2830,normal,0
0.0852,0,3,1145,3272,normal,0
0.0039,0,3,24,50,ddos_attack,1
0.011,0,1,61,55,ddos_attack,1
0.5742,1,0,1130,1464,normal,0
0.0187,0,4,268,55,honeypot_probe,1
0.0003,0,1,60,8,ddos_attack,1
0.209,0,4,276,88,honeypot_probe,1
0.0402,0,0,1386,3751,normal,0
0.0426,0,4,1701,6,honeypot_probe,1
0.0027,0,3,29,48,ddos_attack,1
0.0688,0,1,701,938,normal,0
0.0834,0,2,364,727,normal,0
1.0961,0,2,1433,4045,normal,0
0.3063,1,3,886,2001,normal,0
0.0325,0,4,1139,18,honeypot_probe,1
0.0634,0,0,88,1994,normal,0
0.6045,1,1,1250,3149,normal,0
0.3876,0,0,488,3093,normal,0
0.0535,0,0,1025,3381,normal,0
0.3725,0,4,711,35,honeypot_probe,1
0.3564,0,2,718,1867,normal,0
0.0568,0,4,1130,71,honeypot_probe,1
0.0205,0,1,344,2091,normal,0
0.9677,0,2,306,2542,normal,0
0.0354,0,4,1475,9,honeypot_probe,1
0.0428,0,2,202,3321,normal,0
0.0131,0,0,52,6,ddos_attack,1
1.1428,0,1,213,2572,normal,0
0.2217,0,0,1338,1006,normal,0
0.7996,0,3,1202,4006,normal,0
0.011,0,0,33,58,ddos_attack,1
0.9825,0,0,1013,814,normal,0
0.0337,0,2,905,2240,normal,0
0.3478,0,0,632,3541,normal,0
0.2846,0,3,1386,3143,normal,0
1.0832,0,2,623,1169,normal,0
0.748,0,0,675,2291,normal,0
0.0083,0,4,1860,45,honeypot_probe,1
0.0462,0,4,1806,93,honeypot_probe,1
0.0529,0,4,863,53,honeypot_probe,1
0.3871,0,2,1470,760,normal,0
0.1658,0,4,1045,54,honeypot_probe,1
0.0191,0,3,467,3766,normal,0
1.4509,1,0,371,2609,normal,0
0.1031,0,0,1158,1326,normal,0
0.2169,0,1,1412,2481,normal,0
1.0455,0,3,496,1775,normal,0
1.4444,0,0,1058,350,normal,0
0.1512,0,4,1157,36,honeypot_probe,1
0.0143,0,1,39,57,ddos_attack,1
0.0186,0,1,29,36,ddos_attack,1
1.3717,0,0,407,1327,normal,0
0.0168,0,1,50,2,ddos_attack,1
0.0043,0,0,262,2067,normal,0
0.374,1,0,175,422,normal,0
0.0195,0,0,1067,761,normal,0
0.2832,0,0,301,463,normal,0
0.6477,0,1,655,3250,normal,0
0.0432,0,1,1222,3656,normal,0
0.1695,0,1,1430,2236,normal,0
0.2114,0,0,687,705,normal,0
0.0021,0,4,1594,77,honeypot_probe,1
0.0436,0,4,887,82,honeypot_probe,1
0.5324,0,0,844,611,normal,0
0.8893,0,1,911,1625,normal,0
0.3929,1,3,980,2240,normal,0
1.7754,0,1,129,260,normal,0
0.6741,0,3,1185,712,normal,0
0.0205,1,0,220,3758,normal,0
0.0036,0,4,1173,56,honeypot_probe,1
0.0005,0,1,12,33,ddos_attack,1
0.8181,0,1,1023,3169,normal,0
0.0247,0,3,1384,3940,normal,0
0.0011,0,0,30,45,ddos_attack,1
0.1343,0,1,1348,3160,normal,0
0.0059,0,0,25,63,ddos_attack,1
0.0233,0,0,12,30,ddos_attack,1
0.3159,1,1,594,3088,normal,0
1.3602,0,0,1201,1843,normal,0
0.0932,0,1,691,3156,normal,0
0.0285,0,3,31,40,ddos_attack,1
0.2137,0,1,842,778,normal,0
0.0058,0,0,23,62,ddos_attack,1
0.0102,0,1,18,12,ddos_attack,1
0.2039,1,2,198,2829,normal,0
0.9373,0,1,547,1197,normal,0
0.0019,0,1,41,0,ddos_attack,1
0.1068,0,4,659,9,honeypot_probe,1
0.2922,0,0,791,760,normal,0
0.944,0,1,383,2397,normal,0
0.2137,0,0,664,901,normal,0
0.7253,1,2,539,383,normal,0
2.1182,0,0,465,2449,normal,0
0.0217,0,1,1301,611,normal,0
2.0242,0,1,177,1592,normal,0
0.0525,0,3,37,10,ddos_attack,1
0.901,1,3,156,1559,normal,0
0.017,0,4,1051,56,honeypot_probe,1
0.1585,0,3,623,3478,normal,0
0.3607,0,1,1069,2122,normal,0
0.012,0,1,54,46,ddos_attack,1
0.2399,0,1,226,187,normal,0
0.0015,0,0,11,32,ddos_attack,1
0.8955,0,2,863,933,normal,0
0.0021,0,1,63,11,ddos_attack,1
0.1596,0,2,205,3344,normal,0
0.7314,0,1,263,2580,normal,0
0.0954,0,4,791,29,honeypot_probe,1
0.1232,0,1,1078,555,normal,0
0.9043,0,2,590,2935,normal,0
0.18,1,0,517,873,normal,0
0.0788,0,1,606,449,normal,0
1.0423,0,2,553,2033,normal,0
0.1026,0,1,358,1366,normal,0
0.0113,0,0,205,2893,normal,0
0.2119,0,3,961,818,normal,0
0.2489,0,2,1220,1735,normal,0
0.1671,0,3,1415,889,normal,0
0.439,0,1,1152,320,normal,0
0.1473,0,2,517,2749,normal,0
0.7619,0,1,365,2172,normal,0
0.2249,0,4,1321,87,honeypot_probe,1
0.4753,0,1,1359,2840,normal,0
0.1914,0,4,1013,24,honeypot_probe,1
1.3348,1,3,1247,500,normal,0
0.5646,0,0,199,223,normal,0
0.2032,0,4,1077,81,honeypot_probe,1
0.0901,0,4,1500,9,honeypot_probe,1
0.0602,0,1,871,871,normal,0
0.1107,0,1,389,2815,normal,0
0.4704,0,0,1262,3856,normal,0
0.0018,0,4,1147,21,honeypot_probe,1
0.0436,0,4,340,77,honeypot_probe,1
0.0222,0,4,309,51,honeypot_probe,1
0.2028,0,4,1542,70,honeypot_probe,1
0.0382,0,3,11,62,ddos_attack,1
0.0276,0,3,12,50,ddos_attack,1
0.2428,0,1,917,3660,normal,0
0.0457,1,1,396,2363,normal,0
0.5602,0,2,362,2376,normal,0
0.2608,0,3,946,3136,normal,0
0.0084,0,0,42,9,ddos_attack,1
0.0702,0,2,181,2445,normal,0
0.0318,1,1,363,2203,normal,0
0.6996,0,1,1208,2827,normal,0
0.1633,0,0,375,2551,normal,0
0.0099,0,3,58,33,ddos_attack,1
0.8314,0,2,541,1565,normal,0
0.714,0,0,759,1998,normal,0
0.1309,0,2,373,1724,normal,0
2.2442,0,1,1208,1650,normal,0
0.0044,0,3,60,53,ddos_attack,1
0.1176,0,3,1296,2850,normal,0
0.1914,0,0,811,591,normal,0
0.0054,0,0,32,7,ddos_attack,1
0.1441,0,3,871,2898,normal,0
0.0053,0,0,21,55,ddos_attack,1
0.2109,0,0,1230,3703,normal,0
0.0447,1,0,702,1183,normal,0
0.0063,0,0,42,31,ddos_attack,1
0.0355,0,0,1180,3991,normal,0
0.0738,0,0,374,2343,normal,0
0.1726,0,0,429,1491,normal,0
0.0344,0,4,313,28,honeypot_probe,1
0.7613,0,2,275,2492,normal,0
0.5601,0,1,1478,647,normal,0
0.4241,0,0,669,605,normal,0
0.3835,0,3,385,1845,normal,0
1.4368,0,2,463,795,normal,0
0.1258,1,3,1231,3573,normal,0
0.2513,0,4,396,68,honeypot_probe,1
0.1788,0,0,918,1172,normal,0
0.4474,0,3,658,4069,normal,0
0.2458,0,2,846,3538,normal,0
0.2429,0,1,292,1312,normal,0
0.4617,1,1,1308,2055,normal,0
0.0216,0,1,76,3109,normal,0
0.202,0,1,1245,3146,normal,0
0.9216,0,0,215,3974,normal,0
0.4378,0,1,672,3245,normal,0
2.9343,0,0,1289,693,normal,0
0.0834,1,0,419,483,normal,0
0.6789,0,0,277,1848,normal,0
0.1468,0,4,1338,18,honeypot_probe,1
0.0308,0,4,1366,99,honeypot_probe,1
0.6201,0,1,736,1192,normal,0
0.0046,0,0,43,17,ddos_attack,1
0.3915,0,0,863,2185,normal,0
0.5184,1,0,259,1225,normal,0
0.8233,0,1,224,1384,normal,0
0.3825,0,0,380,2050,normal,0
0.0087,0,0,10,6,ddos_attack,1
0.3423,1,2,370,3629,normal,0
0.0019,0,0,25,2,ddos_attack,1
0.0163,0,4,641,0,honeypot_probe,1
0.226,0,0,919,1145,normal,0
0.0119,0,0,42,32,ddos_attack,1
0.3497,0,2,502,2825,normal,0
0.0221,0,0,484,680,normal,0
0.0063,0,0,57,29,ddos_attack,1
0.0528,0,0,977,1518,normal,0
0.1281,0,1,410,1183,normal,0
0.1942,0,4,398,85,honeypot_probe,1
0.0297,0,1,1474,3484,normal,0
0.2716,0,0,949,1057,normal,0
0.3164,0,3,117,732,normal,0
0.0116,0,4,464,84,honeypot_probe,1
0.0182,0,1,1310,3568,normal,0
1.5071,0,2,1247,3894,normal,0
1.1398,1,1,1141,1428,normal,0
0.1905,1,2,1276,491,normal,0
1.279,0,2,1104,3140,normal,0
0.0307,0,0,232,3022,normal,0
0.2338,0,1,1229,3072,normal,0
0.282,1,2,199,3613,normal,0
0.3398,0,0,268,626,normal,0
0.4361,0,0,227,2499,normal,0
0.0036,0,3,25,58,ddos_attack,1
0.3709,0,0,1307,2450,normal,0
0.1623,0,0,318,2300,normal,0
0.0127,0,0,30,61,ddos_attack,1
0.1948,0,2,1245,855,normal,0
0.0226,0,4,1341,71,honeypot_probe,1
0.3689,0,0,506,2339,normal,0
0.7937,0,0,1087,2035,normal,0
0.006,0,4,764,13,honeypot_probe,1
0.9856,0,0,1369,915,normal,0
0.2795,0,4,1046,8,honeypot_probe,1
0.0006,0,4,1539,83,honeypot_probe,1
0.2145,0,3,354,2218,normal,0
1.2466,0,0,546,2217,normal,0
0.1575,0,4,1239,68,honeypot_probe,1
0.0538,0,4,1997,32,honeypot_probe,1
0.0169,0,4,262,4,honeypot_probe,1
0.003,0,1,56,51,ddos_attack,1
0.3639,0,2,244,301,normal,0
0.1528,0,4,1538,49,honeypot_probe,1
0.0103,0,1,29,19,ddos_attack,1
0.0276,0,0,34,29,ddos_attack,1
0.6704,0,1,546,341,normal,0
0.6978,0,1,219,1201,normal,0
0.0044,0,3,43,30,ddos_attack,1
0.2505,0,0,509,3840,normal,0
0.3273,1,0,1364,1941,normal,0
1.1235,0,0,860,3379,normal,0
0.4911,0,3,463,995,normal,0
0.2405,0,0,303,3937,normal,0
0.2041,0,1,1198,4029,normal,0
0.0939,0,0,736,2509,normal,0
0.0088,0,1,45,9,ddos_attack,1
1.1152,0,1,454,229,normal,0
1.8697,0,0,1012,1696,normal,0
0.0628,0,4,393,8,honeypot_probe,1
0.1562,0,0,1255,3993,normal,0
0.1592,0,2,166,1862,normal,0
0.1292,0,0,1125,2677,normal,0
1.2517,0,2,1184,235,normal,0
0.0508,0,4,1077,78,honeypot_probe,1
0.005,0,4,966,0,honeypot_probe,1
0.0001,0,3,15,4,ddos_attack,1
0.2568,0,1,1391,2013,normal,0
0.0207,0,2,1060,2161,normal,0
0.0022,0,3,37,31,ddos_attack,1
0.927,1,2,444,971,normal,0
0.2338,0,1,220,692,normal,0
0.4026,0,0,137,223,normal,0
0.0067,0,0,12,32,ddos_attack,1
0.7908,0,0,249,270,normal,0
0.1912,0,2,265,3220,normal,0
0.0105,0,0,974,1699,normal,0
0.0698,0,2,560,1457,normal,0
0.0482,0,0,491,855,normal,0
0.0243,0,0,58,2,ddos_attack,1
0.0069,0,4,476,71,honeypot_probe,1
0.7988,0,2,120,3565,normal,0
0.0172,0,4,1203,37,honeypot_probe,1
0.3058,0,1,412,1218,normal,0
0.2223,0,0,208,2361,normal,0
0.1079,0,3,408,2910,normal,0
0.0079,0,0,10,39,ddos_attack,1
0.1739,0,1,926,3953,normal,0
1.2036,0,1,1465,3749,normal,0
0.0075,0,0,60,51,ddos_attack,1
0.2451,0,1,1336,3830,normal,0
0.0128,0,3,18,59,ddos_attack,1
0.2102,0,1,968,2654,normal,0
0.2616,0,2,1438,3068,normal,0
0.0299,1,3,120,1077,normal,0
1.3952,0,2,1489,3083,normal,0
0.3257,0,0,1142,1304,normal,0
0.0177,0,1,777,3416,normal,0
0.0034,0,3,50,59,ddos_attack,1
0.0006,0,3,26,35,ddos_attack,1
0.249,0,3,110,3910,normal,0
0.0242,0,0,11,63,ddos_attack,1
0.0335,0,4,775,6,honeypot_probe,1
0.4536,0,0,109,2899,normal,0
0.0137,0,1,18,21,ddos_attack,1
0.0113,0,1,460,1632,normal,0
0.0324,0,2,796,1168,normal,0
0.2526,0,4,243,76,honeypot_probe,1
0.1239,0,0,629,2395,normal,0
0.3618,0,0,1148,2341,normal,0
0.0845,0,4,748,2,honeypot_probe,1
0.0913,0,1,840,3099,normal,0
0.0139,0,3,15,32,ddos_attack,1
0.4003,0,0,417,951,normal,0
0.0064,0,0,973,888,normal,0
0.4776,0,0,576,2305,normal,0
0.0023,0,0,19,18,ddos_attack,1
0.8076,0,0,497,1758,normal,0
0.324,1,2,1144,625,normal,0
2.9697,1,1,1434,3716,normal,0
0.2796,0,0,1009,2146,normal,0
0.0062,0,0,20,57,ddos_attack,1
0.2152,0,4,1279,44,honeypot_probe,1
0.3125,1,2,1357,3038,normal,0
0.4166,0,2,86,1654,normal,0
0.2804,1,0,690,3238,normal,0
0.511,0,1,196,576,normal,0
0.0027,0,1,18,4,ddos_attack,1
0.1646,0,4,1096,93,honeypot_probe,1
0.1726,0,2,1496,3887,normal,0
0.0728,0,4,279,65,honeypot_probe,1
0.3102,1,1,1480,1717,normal,0
0.0075,0,0,48,10,ddos_attack,1
0.1625,1,0,1039,1746,normal,0
0.0886,1,1,588,3514,normal,0
0.1708,0,1,912,1090,normal,0
0.53,0,1,337,3738,normal,0
0.006,0,2,695,1376,normal,0
0.0614,0,4,1369,2,honeypot_probe,1
1.4969,0,1,1284,1075,normal,0
0.0105,0,4,501,3,honeypot_probe,1
1.0697,0,2,1295,2121,normal,0
0.0051,0,0,34,62,ddos_attack,1
1.2763,0,1,272,386,normal,0
0.1225,0,2,1351,1462,normal,0
0.3529,0,0,625,3007,normal,0
0.2794,0,2,1198,1767,normal,0
0.0095,0,0,18,19,ddos_attack,1
0.1252,0,1,906,2168,normal,0
0.0329,0,0,45,24,ddos_attack,1
0.0061,0,3,63,16,ddos_attack,1
0.4012,0,0,1098,3723,normal,0
0.4001,0,1,142,473,normal,0
1.1399,1,1,419,3119,normal,0
1.4294,0,0,518,3482,normal,0
0.2868,0,0,729,3170,normal,0
0.1603,0,4,1190,56,honeypot_probe,1
0.833,0,0,1458,2480,normal,0
0.3406,0,1,554,2913,normal,0
0.5957,1,0,154,727,normal,0
0.0274,0,2,496,544,normal,0
0.0125,0,3,36,41,ddos_attack,1
0.0355,1,2,662,1924,normal,0
0.0168,0,1,14,38,ddos_attack,1
0.0929,1,1,743,614,normal,0
0.0083,0,3,32,12,ddos_attack,1
0.0007,0,0,22,62,ddos_attack,1
0.2071,0,0,713,3136,normal,0
0.2936,0,2,1190,3816,normal,0
0.0262,0,4,1946,36,honeypot_probe,1
2.6853,0,3,754,3497,normal,0
0.7974,0,0,171,3515,normal,0
0.0227,0,3,773,253,normal,0
0.0891,0,0,393,3343,normal,0
0.0044,0,1,29,16,ddos_attack,1
0.0048,0,0,61,28,ddos_attack,1
0.3401,0,0,348,3236,normal,0
0.3468,1,1,1212,1716,normal,0
0.5701,1,0,1050,1051,normal,0
0.0462,0,4,591,17,honeypot_probe,1
0.0771,0,1,902,3776,normal,0
1.573,0,0,1310,2021,normal,0
0.0136,0,0,1443,4032,normal,0
0.0192,0,1,1004,702,normal,0
0.1697,1,0,1240,346,normal,0
0.1701,0,0,720,1096,normal,0
1.8154,0,1,289,2546,normal,0
0.0116,0,0,44,41,ddos_attack,1
0.118,0,0,757,2380,normal,0
0.0296,0,0,62,58,ddos_attack,1
0.082,0,2,131,2289,normal,0
0.2506,0,4,948,46,honeypot_probe,1
0.1055,0,1,278,1531,normal,0
0.4581,0,1,729,3727,normal,0
0.2577,1,0,1252,3315,normal,0
0.4773,0,1,982,2864,normal,0
0.1367,0,4,615,85,honeypot_probe,1
0.0385,0,4,973,60,honeypot_probe,1
0.4689,0,3,489,2601,normal,0
0.4251,0,2,194,1891,normal,0
0.0002,0,0,94,1012,normal,0
0.0423,0,0,1133,3288,normal,0
2.2987,0,1,1192,1488,normal,0
0.0191,0,0,121,1255,normal,0
0.8278,0,2,298,2818,normal,0
0.1421,1,0,175,3287,normal,0
0.1467,0,4,489,79,honeypot_probe,1
0.049,0,4,569,91,honeypot_probe,1
0.0813,0,0,1156,216,normal,0
0.1502,0,0,1014,4003,normal,0
0.1595,0,4,1431,81,honeypot_probe,1
0.0184,0,1,34,26,ddos_attack,1
0.0124,0,0,1321,3225,normal,0
0.0274,0,0,261,2974,normal,0
0.0326,0,1,561,2223,normal,0
0.2087,0,4,898,58,honeypot_probe,1
0.2678,1,1,1483,1673,normal,0
1.1076,1,0,1372,1041,normal,0
0.1037,0,4,359,41,honeypot_probe,1
0.0203,0,1,35,27,ddos_attack,1
0.0058,0,0,29,2,ddos_attack,1
0.1037,0,4,1174,29,honeypot_probe,1
0.0087,0,0,935,1517,normal,0
0.0005,0,0,45,41,ddos_attack,1
0.2062,1,2,1020,2493,normal,0
0.0417,0,4,1310,24,honeypot_probe,1
0.8863,0,0,831,3891,normal,0
0.3755,1,1,153,1889,normal,0
0.5277,0,3,429,4058,normal,0
0.2824,0,3,1442,748,normal,0
0.2133,0,0,415,2981,normal,0
0.0382,0,0,20,21,ddos_attack,1
0.017,0,4,1405,81,honeypot_probe,1
0.1223,0,4,694,42,honeypot_probe,1
0.029,0,2,1304,1005,normal,0
0.1979,0,0,842,1345,normal,0
0.271,0,1,340,1223,normal,0
0.2855,0,4,1443,5,honeypot_probe,1
0.0197,0,3,26,8,ddos_attack,1
0.3099,0,2,171,2376,normal,0
0.0031,0,0,19,46,ddos_attack,1
0.0043,0,0,23,36,ddos_attack,1
0.1129,0,4,1225,96,honeypot_probe,1
0.0006,0,1,20,60,ddos_attack,1
0.0313,0,4,527,46,honeypot_probe,1
1.3779,0,2,616,4052,normal,0
0.1403,1,0,1033,1982,normal,0
0.0659,0,3,68,3924,normal,0
0.4276,0,1,1488,3661,normal,0
1.1666,0,2,1089,2325,normal,0
0.6356,0,2,371,3451,normal,0
1.3451,0,2,649,3473,normal,0
0.1803,0,1,277,3605,normal,0
0.5582,0,0,1499,1338,normal,0
0.051,0,0,309,2054,normal,0
0.0009,0,0,28,50,ddos_attack,1
0.7728,1,1,889,3797,normal,0
0.4157,0,3,697,3333,normal,0
0.4183,1,0,1189,1601,normal,0
0.3705,1,1,167,3310,normal,0
0.0165,0,0,11,39,ddos_attack,1
2.4659,0,0,264,581,normal,0
0.1089,0,2,1296,3843,normal,0
1.1951,0,2,242,3421,normal,0
0.2438,0,1,98,2582,normal,0
0.0809,0,1,1302,2086,normal,0
0.0037,0,4,568,61,honeypot_probe,1
0.0039,0,0,59,62,ddos_attack,1
1.0765,1,3,392,3847,normal,0
0.0267,0,4,766,42,honeypot_probe,1
0.6135,1,0,1080,1561,normal,0
0.0263,0,1,31,3,ddos_attack,1
0.2153,0,1,384,2894,normal,0
0.0137,0,0,26,6,ddos_attack,1
0.0081,0,0,752,917,normal,0
1.1058,0,0,733,3667,normal,0
0.1571,0,2,507,240,normal,0
0.2221,0,3,820,1504,normal,0
0.05,0,4,1258,51,honeypot_probe,1
0.2004,0,3,1404,3865,normal,0
0.0127,0,3,129,3596,normal,0
0.0651,0,0,759,3689,normal,0
0.0081,0,0,52,8,ddos_attack,1
0.4455,0,2,837,1440,normal,0
0.0655,1,0,675,3766,normal,0
0.0872,0,4,1757,59,honeypot_probe,1
1.0128,0,1,1271,1808,normal,0
0.0389,0,4,1748,57,honeypot_probe,1
0.0151,0,1,46,37,ddos_attack,1
0.0945,0,4,359,40,honeypot_probe,1
0.0299,0,0,61,17,ddos_attack,1
1.1145,0,0,828,810,normal,0
0.0052,0,1,59,8,ddos_attack,1
0.447,0,3,1493,230,normal,0
0.0248,0,4,1900,38,honeypot_probe,1
0.0853,0,0,462,1851,normal,0
0.0896,0,2,1217,182,normal,0
0.7683,0,3,1441,3827,normal,0
0.0028,0,1,46,2,ddos_attack,1
0.2396,0,3,932,1863,normal,0
0.6536,0,0,807,3398,normal,0
0.2374,0,0,514,560,normal,0
0.2762,0,1,1011,476,normal,0
0.2388,0,0,1274,1675,normal,0
0.0388,0,3,670,1176,normal,0
0.2834,0,0,1357,2937,normal,0
0.036,0,4,274,19,honeypot_probe,1
0.0325,1,1,458,1777,normal,0
0.0361,0,1,675,1937,normal,0
0.3076,0,0,167,1109,normal,0
0.0655,0,0,1475,198,normal,0
1.6349,0,1,1101,3570,normal,0
0.2155,0,4,1963,40,honeypot_probe,1
0.0877,0,2,1387,1478,normal,0
0.2501,0,1,1336,887,normal,0
0.527,0,3,1432,726,normal,0
0.0479,0,1,504,2153,normal,0
0.2934,0,4,250,7,honeypot_probe,1
0.0013,0,0,1036,1546,normal,0
0.0007,0,0,1329,983,normal,0
0.0043,0,4,1877,1,honeypot_probe,1
0.1319,0,4,936,45,honeypot_probe,1
0.1251,0,0,1060,424,normal,0
0.3714,0,2,614,2313,normal,0
0.4647,0,1,90,2632,normal,0
0.0982,0,4,1148,59,honeypot_probe,1
0.0106,0,0,25,34,ddos_attack,1
0.0994,0,1,185,1568,normal,0
0.6411,0,3,216,3216,normal,0
0.1041,0,3,1056,3664,normal,0
0.0244,0,0,1051,360,normal,0
0.0112,0,0,30,44,ddos_attack,1
0.0814,0,1,872,1624,normal,0
0.9941,0,1,1409,2128,normal,0
0.0111,1,1,1141,1760,normal,0
0.8366,1,2,383,1526,normal,0
0.3236,0,1,619,3379,normal,0
0.0757,0,0,926,1998,normal,0
1.4153,1,1,1353,3075,normal,0
0.3643,0,2,913,3961,normal,0
0.6906,0,1,193,1545,normal,0
0.0043,0,1,26,17,ddos_attack,1
0.1382,0,4,1602,15,honeypot_probe,1
0.4814,0,0,1469,1606,normal,0
0.0984,0,4,1979,70,honeypot_probe,1
0.0313,0,4,1606,60,honeypot_probe,1
0.4304,0,1,1035,489,normal,0
0.2086,0,0,1239,1473,normal,0
0.0341,0,4,1092,13,honeypot_probe,1
0.3226,0,0,1106,2400,normal,0
0.0047,0,1,25,39,ddos_attack,1
0.6547,0,1,477,1506,normal,0
0.0608,0,4,1419,69,honeypot_probe,1
0.5889,0,1,126,2841,normal,0
0.0133,0,3,47,61,ddos_attack,1
0.7789,0,1,1372,811,normal,0
0.5085,1,3,844,2473,normal,0
0.0077,0,1,52,12,ddos_attack,1
0.024,0,0,20,49,ddos_attack,1
0.0012,0,1,62,44,ddos_attack,1
0.0095,0,0,19,22,ddos_attack,1
0.01,0,0,25,62,ddos_attack,1
0.3525,0,3,813,836,normal,0
0.8137,0,1,553,3968,normal,0
0.2301,0,2,488,3593,normal,0
0.3851,0,4,1474,82,honeypot_probe,1
0.0539,0,4,1451,2,honeypot_probe,1
0.0382,0,1,365,3269,normal,0
0.4748,1,3,1150,739,normal,0
1.7407,0,0,220,3686,normal,0
0.0918,0,3,433,2384,normal,0
0.0176,0,1,18,44,ddos_attack,1
0.0042,0,0,17,49,ddos_attack,1
0.073,0,4,769,69,honeypot_probe,1
0.0073,0,1,28,16,ddos_attack,1
0.3539,0,1,148,3723,normal,0
0.0643,0,0,1115,3023,normal,0
0.0007,0,3,24,35,ddos_attack,1
0.1485,0,4,1867,40,honeypot_probe,1
0.4488,0,0,193,1346,normal,0
0.19,0,4,1292,73,honeypot_probe,1
0.01,0,1,25,29,ddos_attack,1
0.004,0,0,44,0,ddos_attack,1
0.6,1,2,1101,1510,normal,0
0.0003,0,3,19,5,ddos_attack,1
0.1871,0,1,791,4030,normal,0
0.8387,0,0,550,2326,normal,0
0.4183,0,1,987,3839,normal,0
0.2463,0,3,678,3430,normal,0
0.0085,0,1,57,4,ddos_attack,1
0.5312,1,3,1161,580,normal,0
0.0191,0,1,26,19,ddos_attack,1
0.4391,0,1,572,839,normal,0
0.1666,1,0,364,2620,normal,0
0.0083,0,4,1215,70,honeypot_probe,1
0.0162,1,0,159,3551,normal,0
0.0369,1,2,1226,2421,normal,0
0.7916,1,1,1424,1289,normal,0
0.5827,1,0,1218,3109,normal,0
0.1891,0,0,1303,1787,normal,0
0.1082,0,1,518,1045,normal,0
0.2272,0,0,687,2382,normal,0
0.0082,0,4,796,54,honeypot_probe,1
0.0087,0,4,1820,49,honeypot_probe,1
0.3827,0,4,1459,34,honeypot_probe,1
1.1018,1,1,830,3342,normal,0
0.0108,0,3,53,59,ddos_attack,1
0.1352,0,1,575,3269,normal,0
0.0277,0,0,36,8,ddos_attack,1
1.1695,0,2,73,1619,normal,0
1.5411,1,0,1361,2585,normal,0
0.1174,0,0,1201,3686,normal,0
0.237,0,1,499,881,normal,0
0.8382,0,3,125,1718,normal,0
0.2008,0,4,230,73,honeypot_probe,1
1.3501,0,3,578,2616,normal,0
0.0616,0,3,1487,3365,normal,0
0.6147,0,0,848,3692,normal,0
0.011,0,0,244,3204,normal,0
0.0039,0,1,21,29,ddos_attack,1
0.9424,0,2,337,1690,normal,0
1.8931,0,1,725,2874,normal,0
0.0023,0,1,54,32,ddos_attack,1
0.1446,0,1,93,1453,normal,0
0.3376,0,1,1484,3288,normal,0
0.0815,0,4,772,43,honeypot_probe,1
0.0225,0,0,40,43,ddos_attack,1
1.5828,0,3,1121,1146,normal,0
0.4778,0,1,691,4043,normal,0
0.2342,0,3,93,2120,normal,0
0.0965,0,4,503,61,honeypot_probe,1
0.011,0,0,58,27,ddos_attack,1
0.0005,0,3,28,27,ddos_attack,1
0.3795,0,1,1416,1436,normal,0
0.4988,0,0,172,3614,normal,0
0.1461,0,1,1327,562,normal,0
0.0475,0,0,855,3050,normal,0
0.4053,0,0,669,702,normal,0
0.0009,0,2,197,3123,normal,0
0.0066,0,1,16,10,ddos_attack,1
0.4145,1,1,1117,2589,normal,0
0.1162,1,2,1081,2876,normal,0
0.886,1,0,379,3013,normal,0
0.0157,0,4,610,2,honeypot_probe,1
0.232,0,1,1374,403,normal,0
0.0945,0,4,878,90,honeypot_probe,1
0.8905,0,2,262,2192,normal,0
0.5026,0,3,728,983,normal,0
0.1101,0,4,1575,34,honeypot_probe,1
0.0032,0,0,42,42,ddos_attack,1
0.1042,0,2,274,178,normal,0
0.7172,0,3,217,709,normal,0
0.1821,0,0,711,2744,normal,0
0.0001,0,4,1722,87,honeypot_probe,1
0.0271,0,0,126,860,normal,0
0.1671,0,3,1201,4081,normal,0
0.0889,0,1,661,1830,normal,0
0.4814,1,1,1344,268,normal,0
0.0734,0,2,1346,2353,normal,0
0.9904,0,1,1243,1195,normal,0
1.2834,0,3,681,486,normal,0
0.0925,0,4,393,95,honeypot_probe,1
0.0192,0,1,42,50,ddos_attack,1
0.0923,0,2,689,1993,normal,0
0.3834,0,0,1025,221,normal,0
0.7575,0,3,830,2169,normal,0
0.2781,0,1,618,3892,normal,0
1.7434,0,2,963,3267,normal,0
0.0049,0,3,56,2,ddos_attack,1
0.4007,0,1,527,231,normal,0
0.0741,0,4,1009,1,honeypot_probe,1
0.2627,0,2,1452,1080,normal,0
0.2387,0,1,1427,2301,normal,0
0.309,0,1,935,3421,normal,0
0.4776,0,1,1395,1092,normal,0
0.154,0,2,1021,2380,normal,0
0.3243,0,2,539,2473,normal,0
0.0265,0,1,101,1760,normal,0
0.6323,1,2,257,2491,normal,0
0.392,0,0,885,3778,normal,0
0.0074,0,0,673,135,normal,0
0.2896,0,4,584,55,honeypot_probe,1
0.2171,0,0,598,271,normal,0
0.0025,0,0,39,62,ddos_attack,1
0.1411,0,2,1492,2786,normal,0
0.0024,0,1,14,61,ddos_attack,1
0.288,0,1,73,429,normal,0
0.389,0,1,1100,1541,normal,0
0.1293,0,1,69,3657,normal,0
1.251,0,2,1147,348,normal,0
0.0494,0,1,51,0,ddos_attack,1
0.1962,0,2,429,2833,normal,0
0.0044,0,0,31,49,ddos_attack,1
0.6387,0,0,1129,321,normal,0
0.739,0,1,543,2864,normal,0
0.7004,1,3,1403,2418,normal,0
2.0034,0,1,151,3731,normal,0
0.1217,0,4,670,97,honeypot_probe,1
0.0149,0,1,12,24,ddos_attack,1
0.3189,0,0,546,2138,normal,0
0.0761,0,1,951,3388,normal,0
0.5172,0,0,203,1266,normal,0
0.0038,0,1,11,8,ddos_attack,1
0.0007,0,1,48,41,ddos_attack,1
0.9923,1,0,967,1759,normal,0
0.2889,1,1,183,3985,normal,0
0.3283,0,2,1059,2070,normal,0
0.2751,1,0,288,3879,normal,0
0.0078,0,3,34,31,ddos_attack,1
0.0354,0,4,1681,59,honeypot_probe,1
0.2228,0,0,1255,2950,normal,0
0.0097,1,1,887,521,normal,0
1.084,0,0,667,1410,normal,0
0.446,0,2,578,3648,normal,0
0.0695,0,4,761,32,honeypot_probe,1
0.0439,0,4,893,32,honeypot_probe,1
0.2682,0,4,1019,81,honeypot_probe,1
1.2748,0,0,1086,2430,normal,0
0.5038,0,2,80,3057,normal,0
0.0167,0,0,48,13,ddos_attack,1
0.3753,0,0,365,3415,normal,0
0.0391,0,2,1073,900,normal,0
0.0313,0,1,537,1233,normal,0
0.9116,0,1,1482,3041,normal,0
0.2373,0,4,1472,3,honeypot_probe,1
0.0027,0,1,57,19,ddos_attack,1
0.0149,0,4,1000,18,honeypot_probe,1
0.0448,0,4,407,59,honeypot_probe,1
0.0083,0,3,22,37,ddos_attack,1
0.0157,0,0,42,26,ddos_attack,1
0.2652,0,1,702,1356,normal,0
0.029,0,4,348,65,honeypot_probe,1
0.0078,0,1,25,56,ddos_attack,1
0.2859,0,4,698,67,honeypot_probe,1
1.0545,0,2,1224,2787,normal,0
0.4599,0,4,680,0,honeypot_probe,1
0.3073,0,0,1289,279,normal,0
0.0843,0,4,1985,98,honeypot_probe,1
0.0192,0,1,14,44,ddos_attack,1
0.0178,0,4,334,26,honeypot_probe,1
0.2056,0,4,984,43,honeypot_probe,1
0.0865,0,2,1497,3779,normal,0
0.9113,0,0,88,3271,normal,0
0.3537,0,1,1184,3926,normal,0
0.0867,0,4,362,26,honeypot_probe,1
0.6631,0,0,318,2242,normal,0
0.0027,0,0,29,47,ddos_attack,1
0.0029,0,3,46,28,ddos_attack,1
0.1531,0,3,147,2233,normal,0
0.1372,0,4,1037,92,honeypot_probe,1
0.5103,0,1,1473,2105,normal,0
0.9733,0,1,1086,4079,normal,0
0.2242,0,0,955,2811,normal,0
0.0316,0,0,152,1791,normal,0
0.1354,0,3,485,3877,normal,0
0.022,0,3,1077,1942,normal,0
0.0196,0,4,1888,95,honeypot_probe,1
1.0527,0,2,959,1304,normal,0
0.8319,0,3,559,3803,normal,0
1.0224,0,1,1346,825,normal,0
0.1457,0,3,1427,435,normal,0
0.9583,0,2,1049,3535,normal,0
1.1823,0,0,1241,1119,normal,0
0.7963,0,3,75,1337,normal,0
0.2399,0,1,519,386,normal,0
0.0002,0,3,63,49,ddos_attack,1
0.6631,1,1,525,1267,normal,0
0.21,0,0,385,1819,normal,0
0.787,0,0,252,1638,normal,0
0.9554,0,0,1472,3252,normal,0
0.0995,0,2,470,3323,normal,0
0.006,0,0,61,5,ddos_attack,1
0.0119,0,0,52,16,ddos_attack,1
0.2912,0,4,1269,27,honeypot_probe,1
0.0031,0,1,14,4,ddos_attack,1
0.1791,0,1,798,2581,normal,0
0.0058,0,2,402,2443,normal,0
0.0084,0,1,49,5,ddos_attack,1
0.0212,0,4,629,26,honeypot_probe,1
0.0542,0,1,464,2998,normal,0
0.003,0,1,46,12,ddos_attack,1
0.5497,0,3,658,1460,normal,0
0.0129,0,3,52,19,ddos_attack,1
0.3341,1,0,1379,3413,normal,0
0.0962,0,1,314,2657,normal,0
0.4026,0,1,702,3757,normal,0
0.5324,0,0,1068,1440,normal,0
0.0166,0,3,58,23,ddos_attack,1
0.0525,0,4,692,48,honeypot_probe,1
0.5269,0,0,332,1515,normal,0
0.0056,0,0,42,50,ddos_attack,1
0.0972,0,2,423,3190,normal,0
0.005,0,1,485,463,normal,0
0.2804,0,2,348,849,normal,0
2.8763,1,0,74,3147,normal,0
0.4921,1,1,819,3705,normal,0
0.3111,0,3,1325,2637,normal,0
0.0052,0,1,56,22,ddos_attack,1
0.1729,0,2,755,2337,normal,0
0.1773,0,1,1340,2182,normal,0
0.3055,0,4,1581,43,honeypot_probe,1
0.0086,0,0,18,19,ddos_attack,1
0.2717,0,2,958,4080,normal,0
0.089,0,3,1482,1065,normal,0
0.0459,0,0,1422,3558,normal,0
0.085,0,4,710,21,honeypot_probe,1
0.5017,1,1,827,1580,normal,0
0.0021,0,4,873,20,honeypot_probe,1
0.0502,0,4,1213,20,honeypot_probe,1
0.0634,1,0,1267,2966,normal,0
0.1612,0,1,1482,3827,normal,0
0.0122,0,4,1430,34,honeypot_probe,1
0.5376,0,2,1137,3286,normal,0
0.3361,0,2,444,3865,normal,0
0.0149,0,2,855,3118,normal,0
0.0134,0,0,26,60,ddos_attack,1
0.0516,0,3,1325,3184,normal,0
0.0472,0,0,27,35,ddos_attack,1
0.839,0,1,276,3478,normal,0
0.0122,0,4,1674,86,honeypot_probe,1
0.1583,0,0,1251,2179,normal,0
0.0185,0,0,37,20,ddos_attack,1
0.0183,0,2,546,2767,normal,0
0.3877,0,1,1137,407,normal,0
0.0805,0,0,798,1146,normal,0
0.3023,1,2,1450,1262,normal,0
0.2291,0,2,1028,1622,normal,0
0.0271,0,4,1334,95,honeypot_probe,1
0.0104,0,0,38,50,ddos_attack,1
0.0209,0,0,22,4,ddos_attack,1
0.0864,0,4,469,87,honeypot_probe,1
0.0468,0,3,62,47,ddos_attack,1
1.0443,0,3,245,394,normal,0
0.3231,0,2,594,1499,normal,0
0.7384,0,2,379,1827,normal,0
0.6028,0,2,85,511,normal,0
0.6038,0,2,1152,1623,normal,0
0.0596,0,4,583,61,honeypot_probe,1
0.0089,0,4,1675,78,honeypot_probe,1
0.1632,0,4,1214,60,honeypot_probe,1
0.3273,0,2,243,871,normal,0
0.1175,0,2,1028,1482,normal,0
0.1073,0,3,971,2260,normal,0
0.0158,0,0,45,0,ddos_attack,1
0.1199,0,4,1467,83,honeypot_probe,1
0.0231,0,0,13,32,ddos_attack,1
0.2923,0,4,884,80,honeypot_probe,1
0.1662,0,3,1211,1523,normal,0
1.213,0,2,383,3364,normal,0
0.0853,0,4,767,43,honeypot_probe,1
0.396,0,0,420,2583,normal,0
0.0082,0,1,430,1187,normal,0
0.2387,0,0,231,3968,normal,0
0.0869,0,0,786,2109,normal,0
0.1424,0,1,517,2618,normal,0
0.0169,0,3,63,20,ddos_attack,1
0.0094,0,0,37,35,ddos_attack,1
0.0529,0,0,27,41,ddos_attack,1
0.2828,0,1,391,3142,normal,0
0.0326,1,3,610,1857,normal,0
0.0608,0,1,748,2716,normal,0
0.6194,0,0,1110,829,normal,0
0.192,0,2,240,2370,normal,0
0.7567,0,2,1261,2342,normal,0
0.0115,0,0,29,12,ddos_attack,1
0.1133,0,2,944,2542,normal,0
0.043,1,3,1059,2504,normal,0
0.5397,0,3,282,1151,normal,0
2.2265,0,1,1180,578,normal,0
0.2891,0,1,761,1120,normal,0
0.0364,0,0,38,24,ddos_attack,1
0.0745,1,0,859,3651,normal,0
0.5378,0,0,1436,744,normal,0
0.108,0,0,1137,995,normal,0
0.4259,0,0,696,1605,normal,0
0.0523,0,1,1115,2879,normal,0
0.0191,0,0,36,12,ddos_attack,1
0.0149,0,1,46,28,ddos_attack,1
0.4458,0,0,1347,3586,normal,0
0.0036,0,0,22,33,ddos_attack,1
0.4491,0,0,65,3104,normal,0
0.0137,0,0,21,42,ddos_attack,1
0.296,1,2,970,3578,normal,0
0.5757,1,1,1247,2952,normal,0
0.0082,0,3,33,24,ddos_attack,1
0.3193,0,1,903,2963,normal,0
0.1965,0,4,777,20,honeypot_probe,1
0.3592,0,0,674,456,normal,0
0.0028,0,1,19,9,ddos_attack,1
0.3577,0,0,675,1740,normal,0
0.0086,0,0,26,4,ddos_attack,1
0.2325,0,2,349,2182,normal,0
0.0001,0,1,50,55,ddos_attack,1
0.0076,0,0,19,44,ddos_attack,1
0.3824,1,1,131,2934,normal,0
0.2972,0,0,1051,3323,normal,0
0.005,0,1,30,11,ddos_attack,1
0.7985,0,0,940,1580,normal,0
0.668,1,0,147,2552,normal,0
0.0046,0,1,47,55,ddos_attack,1
4.0473,0,3,193,2290,normal,0
0.6948,0,2,752,1130,normal,0
0.0127,0,4,1604,77,honeypot_probe,1
0.7981,0,1,89,210,normal,0
0.0261,0,0,15,27,ddos_attack,1
0.3505,0,0,103,1316,normal,0
1.2195,0,0,461,1610,normal,0
0.2032,0,1,1001,4014,normal,0
0.0232,0,4,1462,89,honeypot_probe,1
0.6607,0,0,1331,3704,normal,0
0.538,0,0,748,2354,normal,0
0.0132,0,0,62,20,ddos_attack,1
0.306,0,1,192,3422,normal,0
0.8772,0,2,1090,606,normal,0
0.089,0,4,1146,23,honeypot_probe,1
1.0734,0,0,175,1150,normal,0
1.7081,1,3,1373,3204,normal,0
0.0123,0,3,26,57,ddos_attack,1
0.4549,0,0,1438,2322,normal,0
0.2343,0,0,123,1761,normal,0
0.3877,0,0,399,958,normal,0
0.3125,0,0,134,2520,normal,0
0.0277,0,4,1968,74,honeypot_probe,1
0.0704,0,4,1268,84,honeypot_probe,1
0.0033,0,4,1805,67,honeypot_probe,1
0.0006,0,3,37,2,ddos_attack,1
0.5414,0,1,1051,659,normal,0
0.0096,0,0,62,47,ddos_attack,1
0.0084,0,0,34,33,ddos_attack,1
0.3644,0,1,271,387,normal,0
0.0858,0,4,1773,74,honeypot_probe,1
0.4679,0,1,426,172,normal,0
0.1385,0,4,970,13,honeypot_probe,1
0.1022,0,2,1133,1803,normal,0
0.016,0,4,468,3,honeypot_probe,1
0.3637,1,3,417,1947,normal,0
0.5716,0,2,678,3651,normal,0
0.7345,0,1,952,3724,normal,0
0.3467,0,1,1155,3579,normal,0
3.6715,0,0,1004,2088,normal,0
0.0188,0,0,36,19,ddos_attack,1
0.0168,0,1,30,41,ddos_attack,1
0.0023,0,3,768,4062,normal,0
1.3576,0,2,1010,3919,normal,0
0.0331,0,4,601,54,honeypot_probe,1
0.069,0,4,1587,48,honeypot_probe,1
0.5669,0,1,967,612,normal,0
1.0684,1,1,725,2242,normal,0
0.0813,0,4,1541,97,honeypot_probe,1
0.028,0,4,1171,12,honeypot_probe,1
0.0135,0,1,29,40,ddos_attack,1
0.0181,0,0,54,39,ddos_attack,1
0.0744,0,4,799,92,honeypot_probe,1
0.4502,0,0,472,1704,normal,0
0.4977,0,2,746,289,normal,0
0.513,0,1,115,615,normal,0
0.0138,0,0,37,34,ddos_attack,1
0.2278,0,2,1419,3463,normal,0
0.0058,0,0,532,2137,normal,0
0.054,0,0,983,2736,normal,0
0.2518,0,1,1162,3297,normal,0
0.0032,0,0,62,52,ddos_attack,1
1.2208,0,0,1326,1763,normal,0
0.2891,0,3,578,3280,normal,0
0.1192,1,2,1210,3576,normal,0
0.2893,0,0,909,1858,normal,0
0.0073,0,1,49,9,ddos_attack,1
0.0067,0,0,45,35,ddos_attack,1
0.1414,0,0,384,3806,normal,0
0.151,1,2,846,660,normal,0
0.9137,0,1,742,3679,normal,0
0.0074,0,0,34,10,ddos_attack,1
0.1987,0,0,945,146,normal,0
0.22,0,4,1511,75,honeypot_probe,1
0.0033,0,1,60,12,ddos_attack,1
0.0058,0,3,54,20,ddos_attack,1
1.1693,0,3,290,1658,normal,0
0.0055,0,4,686,64,honeypot_probe,1
0.0255,0,0,44,51,ddos_attack,1
0.9579,0,0,1131,646,normal,0
0.68,0,2,1045,2523,normal,0
0.0005,0,0,16,27,ddos_attack,1
0.0341,0,0,42,50,ddos_attack,1
0.0342,0,3,58,18,ddos_attack,1
0.0805,0,0,1022,3047,normal,0
0.0401,0,3,20,1,ddos_attack,1
0.0156,0,0,568,3046,normal,0
0.0975,0,4,251,48,honeypot_probe,1
1.0993,0,0,438,516,normal,0
0.35,0,2,795,3796,normal,0
1.213,0,2,322,1840,normal,0
0.0302,1,1,1379,334,normal,0
0.074,0,4,1910,28,honeypot_probe,1
0.5389,0,0,800,753,normal,0
1.0778,0,1,756,1488,normal,0
0.0186,0,1,57,36,ddos_attack,1
0.2486,0,4,1220,76,honeypot_probe,1
0.006,0,3,61,46,ddos_attack,1
0.0017,0,0,20,30,ddos_attack,1
0.295,0,2,395,2722,normal,0
0.2465,1,0,467,1876,normal,0
0.3176,0,0,188,1665,normal,0
0.1617,0,0,878,3229,normal,0
0.8525,1,0,1045,3138,normal,0
0.0097,0,3,16,63,ddos_attack,1
0.3391,0,0,1436,2683,normal,0
0.0152,0,4,584,71,honeypot_probe,1
0.305,0,2,584,1736,normal,0
0.021,0,1,13,59,ddos_attack,1
0.1624,1,1,576,2815,normal,0
0.2533,1,0,1343,2570,normal,0
0.2138,0,4,1364,26,honeypot_probe,1
1.0186,0,1,660,1747,normal,0
0.0371,0,0,42,41,ddos_attack,1
0.243,0,0,97,582,normal,0
0.1606,0,0,1045,2536,normal,0
0.0021,0,0,33,42,ddos_attack,1
0.2877,0,0,544,3781,normal,0
1.0961,1,0,1103,2641,normal,0
0.0439,0,1,621,316,normal,0
0.9061,0,1,1269,3704,normal,0
0.2641,0,3,297,1526,normal,0
0.232,0,1,1318,2493,normal,0
0.2202,0,3,636,2624,normal,0
0.2889,0,2,105,1637,normal,0
0.3128,0,3,813,869,normal,0
0.0068,0,0,22,6,ddos_attack,1
2.6191,0,0,282,136,normal,0
0.1442,0,2,753,1910,normal,0
0.0081,0,0,54,15,ddos_attack,1
0.1758,0,3,965,1681,normal,0
0.0239,0,3,63,24,ddos_attack,1
0.0001,0,3,355,3814,normal,0
0.0087,0,1,19,5,ddos_attack,1
1.1317,0,0,595,1952,normal,0
0.8416,0,3,122,3287,normal,0
0.5244,0,1,364,2829,normal,0
0.3843,0,1,150,555,normal,0
0.0122,0,0,31,7,ddos_attack,1
0.0693,0,4,685,17,honeypot_probe,1
0.3701,0,0,484,2299,normal,0
0.5394,0,3,1350,927,normal,0
0.0444,0,3,239,1180,normal,0
0.02,0,3,14,51,ddos_attack,1
0.005,0,1,11,34,ddos_attack,1
0.9782,0,3,771,3820,normal,0
0.0384,1,0,912,662,normal,0
2.1224,0,1,1116,1802,normal,0
0.0893,0,3,1323,169,normal,0
0.0015,0,4,1483,19,honeypot_probe,1
0.1527,0,3,143,3130,normal,0
0.0104,0,0,61,3,ddos_attack,1
0.0045,0,0,51,28,ddos_attack,1
0.0994,0,1,944,1581,normal,0
0.3611,0,4,940,21,honeypot_probe,1
0.6756,0,2,817,1404,normal,0
0.112,0,4,1688,2,honeypot_probe,1
1.2391,0,2,1012,1135,normal,0
1.7477,0,1,443,2979,normal,0
0.0912,0,0,410,4047,normal,0
0.5171,1,0,1324,3979,normal,0
0.0706,0,4,1895,89,honeypot_probe,1
0.2511,1,1,1189,2801,normal,0
0.0027,0,0,52,2,ddos_attack,1
0.0224,0,4,215,84,honeypot_probe,1
0.1816,0,3,655,203,normal,0
0.0176,0,4,1847,24,honeypot_probe,1
0.3077,0,1,1069,1829,normal,0
0.098,0,4,1698,38,honeypot_probe,1
0.3876,0,1,913,2265,normal,0
0.0993,0,2,1215,1933,normal,0
0.0113,0,3,46,8,ddos_attack,1
0.0589,0,4,1073,82,honeypot_probe,1
0.5081,0,1,1106,1547,normal,0
0.0262,1,3,625,2768,normal,0
0.0115,0,1,27,54,ddos_attack,1
0.1709,1,0,718,564,normal,0
0.6286,0,0,490,2993,normal,0
0.1759,0,0,1383,2462,normal,0
0.4524,0,0,967,3762,normal,0
0.861,0,3,800,1325,normal,0
0.012,0,0,31,60,ddos_attack,1
0.0061,0,1,22,31,ddos_attack,1
0.3141,1,1,1005,3489,normal,0
0.6992,0,0,964,3301,normal,0
0.3713,0,2,1374,268,normal,0
0.415,0,0,268,1629,normal,0
0.4176,0,0,189,3886,normal,0
0.0149,0,0,53,38,ddos_attack,1
0.4002,0,0,1063,412,normal,0
0.8345,0,0,1455,3509,normal,0
0.0864,0,3,1353,2309,normal,0
0.0351,0,4,940,33,honeypot_probe,1
0.3413,0,2,1025,2672,normal,0
0.2017,0,2,934,3958,normal,0
0.0748,1,3,978,1456,normal,0
0.3851,0,3,1075,2411,normal,0
0.6468,0,1,1175,2790,normal,0
0.0755,0,1,1486,648,normal,0
0.0217,0,2,216,1020,normal,0
0.0786,1,3,291,3545,normal,0
0.1333,0,3,789,3950,normal,0
0.9005,0,1,1374,692,normal,0
0.1977,0,3,838,2736,normal,0
0.6246,0,1,1294,3574,normal,0
0.1317,0,4,548,47,honeypot_probe,1
0.0926,0,2,1484,272,normal,0
0.1997,0,2,839,800,normal,0
0.03,0,4,1520,99,honeypot_probe,1
0.0329,0,3,50,13,ddos_attack,1
0.2885,0,3,1389,2073,normal,0
0.0134,0,0,703,3449,normal,0
0.0835,0,4,693,66,honeypot_probe,1
0.127,1,0,1416,172,normal,0
0.0328,0,2,861,829,normal,0
0.0354,0,1,49,57,ddos_attack,1
0.3311,0,1,1327,2679,normal,0
0.0021,0,1,43,55,ddos_attack,1
0.5657,1,0,387,366,normal,0
0.254,0,2,525,3912,normal,0
0.039,0,4,1630,33,honeypot_probe,1
0.9557,0,2,183,2043,normal,0
0.0075,0,2,1051,3778,normal,0
0.004,0,1,52,7,ddos_attack,1
0.7511,0,0,831,3365,normal,0
0.0064,1,1,896,191,normal,0
0.0589,0,4,572,59,honeypot_probe,1
0.2984,1,2,1240,2822,normal,0
2.7492,0,2,257,779,normal,0
0.6438,0,1,1024,2224,normal,0
0.0978,1,1,737,853,normal,0
0.0946,0,0,634,3132,normal,0
1.1359,1,3,212,2558,normal,0
0.3775,0,0,269,3161,normal,0
0.018,0,0,13,41,ddos_attack,1
2.6783,1,1,1374,2026,normal,0
0.2261,1,0,1468,892,normal,0
1.308,0,1,347,3693,normal,0
0.126,0,3,1307,1018,normal,0
0.8247,0,0,958,1643,normal,0
1.9099,1,0,975,167,normal,0
0.0126,0,1,45,41,ddos_attack,1
1.0816,0,1,1124,1750,normal,0
0.0465,0,4,1635,99,honeypot_probe,1
0.3926,0,2,624,1503,normal,0
0.0035,0,1,54,49,ddos_attack,1
0.0149,0,4,1575,33,honeypot_probe,1
0.4447,0,2,783,3518,normal,0
0.4113,1,1,1185,3927,normal,0
0.3773,0,1,419,2186,normal,0
0.4992,0,1,128,3857,normal,0
0.022,0,3,50,1,ddos_attack,1
0.1569,1,1,1350,1880,normal,0
0.0187,0,0,13,60,ddos_attack,1
0.0129,0,2,1230,2492,normal,0
0.4808,0,2,1012,375,normal,0
0.0059,0,4,1723,29,honeypot_probe,1
0.1035,0,4,1751,34,honeypot_probe,1
0.0362,0,1,457,2867,normal,0
0.4122,0,0,793,3820,normal,0
0.0717,0,1,586,3849,normal,0
0.6696,1,2,933,1420,normal,0
0.5395,1,3,1409,2702,normal,0
1.1074,0,1,1057,3054,normal,0
0.6443,0,1,388,785,normal,0
0.1872,0,4,539,69,honeypot_probe,1
0.0021,0,1,19,17,ddos_attack,1
0.128,0,1,109,1880,normal,0
0.0405,0,4,1894,87,honeypot_probe,1
0.0038,0,0,62,11,ddos_attack,1
1.1353,0,1,1448,3148,normal,0
0.0085,0,0,16,47,ddos_attack,1
0.7563,1,2,735,3695,normal,0
0.5587,1,1,398,2874,normal,0
0.1568,0,3,1397,471,normal,0
0.3281,1,1,232,787,normal,0
0.0074,0,0,20,2,ddos_attack,1
0.1711,0,2,591,2164,normal,0
0.0054,0,0,44,42,ddos_attack,1
0.2613,0,0,929,160,normal,0
0.0381,0,4,1621,12,honeypot_probe,1
1.0479,0,1,975,2355,normal,0
0.0088,0,0,23,47,ddos_attack,1
0.5875,0,1,1045,1430,normal,0
0.994,1,1,267,3164,normal,0
0.0017,0,1,824,901,normal,0
0.0667,0,3,1234,3525,normal,0
0.0109,0,1,47,39,ddos_attack,1
0.5952,0,0,1216,2589,normal,0
0.003,0,1,26,47,ddos_attack,1
0.3496,0,1,734,3239,normal,0
0.0329,0,0,344,478,normal,0
0.0023,0,1,54,23,ddos_attack,1
0.4588,0,1,262,2011,normal,0
0.2493,0,1,1462,3315,normal,0
0.4715,0,1,163,1630,normal,0
0.1385,0,4,1515,6,honeypot_probe,1
0.0233,0,4,1081,95,honeypot_probe,1
0.3402,0,0,937,1704,normal,0
0.1383,0,2,592,3736,normal,0
0.2873,0,1,1398,795,normal,0
0.1445,0,1,1023,2335,normal,0
0.9151,0,0,164,408,normal,0
2.051,0,0,1183,1412,normal,0
0.0541,0,4,531,51,honeypot_probe,1
0.5232,0,2,756,1144,normal,0
0.0345,0,4,665,22,honeypot_probe,1
0.2509,0,2,326,599,normal,0
0.2776,0,0,1281,3201,normal,0
0.3654,0,1,1119,3869,normal,0
0.0089,0,1,144,2831,normal,0
1.1191,0,0,249,3723,normal,0
0.0312,0,2,388,3618,normal,0
0.1042,0,0,1149,2832,normal,0
0.1423,0,1,565,926,normal,0
0.3381,0,3,1073,2398,normal,0
0.5642,0,3,945,389,normal,0
0.5007,0,1,480,2228,normal,0
0.558,0,0,515,588,normal,0
0.9628,0,2,458,1188,normal,0
0.025,0,1,326,2807,normal,0
0.0043,0,0,46,27,ddos_attack,1
0.1224,0,1,146,2844,normal,0
0.2491,0,0,966,218,normal,0
0.7949,0,2,1271,907,normal,0
0.0132,0,3,16,13,ddos_attack,1
0.1485,0,4,625,7,honeypot_probe,1
0.3946,0,1,678,2222,normal,0
0.0097,0,0,24,15,ddos_attack,1
0.6201,0,3,831,1128,normal,0
0.0881,0,3,306,3662,normal,0
0.0037,0,0,27,54,ddos_attack,1
0.5405,0,2,77,3992,normal,0
0.0206,0,4,1327,60,honeypot_probe,1
0.1585,0,1,881,1350,normal,0
0.0459,0,0,956,139,normal,0
0.1536,0,4,1967,26,honeypot_probe,1
0.1501,0,0,961,2083,normal,0
1.0257,1,0,1088,728,normal,0
0.6611,0,1,1075,3075,normal,0
1.1975,1,0,790,3184,normal,0
0.1609,0,3,121,1488,normal,0
0.3701,0,0,946,1826,normal,0
0.0057,0,1,61,44,ddos_attack,1
0.329,0,1,146,1130,normal,0
0.4654,0,3,715,3384,normal,0
0.0535,0,4,1894,76,honeypot_probe,1
0.0008,0,0,29,20,ddos_attack,1
0.0803,0,4,1806,36,honeypot_probe,1
1.264,0,0,1062,1351,normal,0
0.1441,0,4,442,35,honeypot_probe,1
0.1395,0,1,1401,744,normal,0
0.9476,0,0,200,1485,normal,0
0.7798,0,3,204,2067,normal,0
0.938,0,0,429,3083,normal,0
2.9347,0,2,1398,799,normal,0
0.3619,0,1,754,2895,normal,0
0.0026,0,1,23,2,ddos_attack,1
0.2093,1,2,1006,3845,normal,0
0.1383,0,0,525,2256,normal,0
0.0076,0,0,37,40,ddos_attack,1
0.1235,0,2,727,3749,normal,0
0.0049,0,0,11,27,ddos_attack,1
0.1344,1,0,887,2240,normal,0
0.0124,0,0,42,14,ddos_attack,1
0.0376,0,4,1774,40,honeypot_probe,1
0.527,0,2,410,3130,normal,0
0.0107,0,3,44,8,ddos_attack,1
0.1498,0,4,710,20,honeypot_probe,1
0.0008,0,0,37,17,ddos_attack,1
0.0414,0,4,1455,15,honeypot_probe,1
0.0569,0,2,1469,2719,normal,0
0.1752,0,0,1181,2503,normal,0
0.5533,0,1,932,3316,normal,0
0.004,0,0,43,13,ddos_attack,1
0.171,0,1,587,2985,normal,0
0.0073,0,4,1059,5,honeypot_probe,1
0.5222,0,3,1280,3212,normal,0
0.7619,0,1,296,1829,normal,0
0.0216,0,1,45,24,ddos_attack,1
0.0434,0,0,17,10,ddos_attack,1
0.0384,0,0,61,14,ddos_attack,1
0.7492,1,1,232,1966,normal,0
0.0143,0,4,1868,14,honeypot_probe,1
0.4098,0,1,1147,3228,normal,0
0.0021,0,0,63,32,ddos_attack,1
0.0736,0,4,523,68,honeypot_probe,1
0.0039,0,3,26,0,ddos_attack,1
0.5824,0,1,1033,3446,normal,0
0.3403,1,0,455,2722,normal,0
0.5012,0,0,458,789,normal,0
0.1429,0,1,541,3774,normal,0
0.0153,0,0,11,12,ddos_attack,1
0.0061,0,3,32,21,ddos_attack,1
0.0232,0,1,934,3246,normal,0
0.0023,0,4,870,7,honeypot_probe,1
1.3407,0,3,283,460,normal,0
0.1335,0,0,420,3654,normal,0
0.5137,0,1,1121,3965,normal,0
0.0028,0,3,23,58,ddos_attack,1
0.3777,1,1,439,2146,normal,0
0.0027,0,3,28,22,ddos_attack,1
0.0471,0,1,425,811,normal,0
0.0033,0,0,47,57,ddos_attack,1
0.0648,0,3,645,3046,normal,0
0.0055,0,0,31,53,ddos_attack,1
2.3192,0,0,470,1481,normal,0
0.0033,0,0,20,19,ddos_attack,1
0.1811,0,4,502,75,honeypot_probe,1
0.7872,1,2,1183,3156,normal,0
0.373,0,2,455,3064,normal,0
0.0048,0,3,45,24,ddos_attack,1
0.4779,0,3,1124,2276,normal,0
0.9144,1,1,158,1782,normal,0
0.0601,0,1,388,2582,normal,0
0.8648,0,3,649,2659,normal,0
0.1535,0,2,782,1135,normal,0
1.1765,0,0,700,2202,normal,0
0.2242,0,4,1904,20,honeypot_probe,1
0.8997,0,2,599,4086,normal,0
0.0244,0,0,24,11,ddos_attack,1
0.012,0,3,915,455,normal,0
0.0971,0,4,822,62,honeypot_probe,1
0.3857,0,0,1084,3950,normal,0
1.4893,0,0,693,3056,normal,0
0.0014,0,3,32,8,ddos_attack,1
0.2408,1,0,1466,287,normal,0
0.1718,0,1,1146,2358,normal,0
0.011,0,0,43,0,ddos_attack,1
0.8388,0,1,1117,2321,normal,0
0.2566,0,4,1840,30,honeypot_probe,1
0.0841,0,4,1568,0,honeypot_probe,1
0.0021,1,2,116,2437,normal,0
0.1326,0,3,1014,1754,normal,0
0.2565,0,1,200,906,normal,0
0.9467,1,0,1123,2405,normal,0
0.0591,0,2,1273,1425,normal,0
0.4178,0,0,529,3294,normal,0
1.478,0,0,856,1150,normal,0
1.265,0,3,1090,383,normal,0
0.0051,0,0,33,13,ddos_attack,1
0.174,0,4,1974,75,honeypot_probe,1
0.733,0,2,1104,1774,normal,0
0.0055,0,0,54,61,ddos_attack,1
0.6127,0,0,547,579,normal,0
0.7815,0,1,1062,3444,normal,0
0.2942,1,0,167,2074,normal,0
0.3617,0,0,1099,4062,normal,0
0.0525,0,4,1089,71,honeypot_probe,1
0.0094,0,1,13,43,ddos_attack,1
0.4816,0,0,903,2575,normal,0
0.0161,0,0,10,63,ddos_attack,1
1.0795,0,0,161,2627,normal,0
0.146,1,3,242,2683,normal,0
1.0666,0,0,401,988,normal,0
0.2338,0,4,1671,71,honeypot_probe,1
0.0004,0,1,46,48,ddos_attack,1
0.9285,1,0,1347,3521,normal,0
0.0087,0,3,48,9,ddos_attack,1
0.0038,0,1,56,31,ddos_attack,1
0.133,0,0,653,715,normal,0
0.2619,0,4,1395,1,honeypot_probe,1
0.4526,0,3,1424,2696,normal,0
0.1189,0,4,1040,11,honeypot_probe,1
0.0207,1,0,753,3313,normal,0
1.0604,0,0,1352,3212,normal,0
0.1056,0,4,1047,1,honeypot_probe,1
0.5895,1,1,319,2826,normal,0
0.0751,0,4,1102,78,honeypot_probe,1
0.5485,1,1,99,945,normal,0
0.1754,0,2,571,3873,normal,0
0.2446,0,1,1469,1188,normal,0
0.0324,1,0,374,1359,normal,0
0.0155,0,0,52,14,ddos_attack,1
0.0824,0,4,1713,6,honeypot_probe,1
0.4127,0,2,538,651,normal,0
0.0011,0,0,39,46,ddos_attack,1
0.3897,0,1,316,3898,normal,0
0.444,0,1,687,832,normal,0
0.3777,0,2,616,3619,normal,0
0.2935,0,3,333,988,normal,0
0.0051,0,1,36,9,ddos_attack,1
0.0007,0,0,18,6,ddos_attack,1
0.7368,0,2,431,3932,normal,0
0.0249,0,0,57,3,ddos_attack,1
0.0176,0,4,732,79,honeypot_probe,1
0.1122,0,4,1439,50,honeypot_probe,1
0.0867,0,1,405,1489,normal,0
0.0239,0,0,18,12,ddos_attack,1
0.1485,0,2,1146,2185,normal,0
0.5916,0,0,387,2198,normal,0
0.0423,0,4,918,44,honeypot_probe,1
0.2938,0,2,460,3387,normal,0
0.0433,0,4,276,83,honeypot_probe,1
0.2034,0,0,151,1769,normal,0
0.0009,0,0,63,31,ddos_attack,1
0.0097,0,1,38,56,ddos_attack,1
0.6371,0,0,686,3569,normal,0
0.092,0,1,1113,2085,normal,0
1.7004,0,3,640,789,normal,0
0.2364,0,1,425,330,normal,0
0.0016,0,0,26,26,ddos_attack,1
0.0202,0,1,963,2443,normal,0
0.1608,0,1,940,2965,normal,0
0.0079,0,0,37,51,ddos_attack,1
0.0405,0,1,50,45,ddos_attack,1
0.5443,1,1,1183,2342,normal,0
0.2612,1,2,1340,3660,normal,0
0.006,0,1,50,34,ddos_attack,1
0.1475,0,1,476,1607,normal,0
0.0012,0,0,32,35,ddos_attack,1
0.9226,0,3,358,772,normal,0
1.0295,0,0,617,3771,normal,0
0.0081,0,0,41,21,ddos_attack,1
0.3815,0,0,614,1457,normal,0
1.0103,0,2,1358,178,normal,0
2.0259,0,0,329,200,normal,0
1.1286,0,0,420,1063,normal,0
0.201,0,0,1059,3640,normal,0
1.0045,0,1,1262,1666,normal,0
2.3207,0,1,1017,3906,normal,0
0.0545,0,0,719,2100,normal,0
0.0456,0,4,1486,14,honeypot_probe,1
0.0277,0,3,24,54,ddos_attack,1
0.7024,0,0,1130,2091,normal,0
0.0011,0,3,48,35,ddos_attack,1
0.4449,0,2,1189,337,normal,0
1.218,0,1,406,1551,normal,0
0.6147,0,0,1024,367,normal,0
0.2153,0,0,1040,707,normal,0
0.2334,0,3,963,841,normal,0
0.6754,0,0,1307,1806,normal,0
0.1438,0,1,85,3889,normal,0
0.0034,0,3,41,16,ddos_attack,1
0.4689,0,0,112,1978,normal,0
0.0389,0,4,988,33,honeypot_probe,1
0.0194,1,0,1221,2865,normal,0
0.2822,0,4,624,30,honeypot_probe,1
0.7176,1,2,627,430,normal,0
0.0026,0,3,29,55,ddos_attack,1
0.0564,0,4,611,43,honeypot_probe,1
0.2961,0,3,1357,323,normal,0
1.0627,1,3,602,816,normal,0
0.0083,0,0,30,55,ddos_attack,1
0.1965,1,0,735,3628,normal,0
0.1888,0,2,829,1216,normal,0
0.0041,0,4,1756,3,honeypot_probe,1
1.0781,0,2,157,863,normal,0
0.0129,0,0,683,741,normal,0
0.0218,0,1,16,31,ddos_attack,1
0.0719,0,2,1293,2520,normal,0
0.2416,0,0,1042,2218,normal,0
0.0554,0,2,1119,3463,normal,0
0.2874,1,1,1427,3167,normal,0
0.5221,0,0,1187,3526,normal,0
0.1795,0,3,280,2052,normal,0
0.0071,0,3,25,45,ddos_attack,1
0.0017,0,0,14,63,ddos_attack,1
0.014,0,3,12,5,ddos_attack,1
0.0032,0,3,47,55,ddos_attack,1
0.1705,1,3,107,985,normal,0
0.367,1,2,1464,1020,normal,0
0.2031,1,0,1113,3374,normal,0
1.3046,0,2,1142,183,normal,0
0.351,1,2,195,620,normal,0
0.0348,0,4,995,91,honeypot_probe,1
0.0083,0,1,14,36,ddos_attack,1
0.1891,0,0,893,2741,normal,0
0.0098,0,0,51,13,ddos_attack,1
0.3697,0,1,1174,361,normal,0
0.0038,0,0,13,38,ddos_attack,1
0.0066,0,1,14,36,ddos_attack,1
1.16,0,0,588,1252,normal,0
0.0295,0,4,1328,1,honeypot_probe,1
0.0017,0,0,44,16,ddos_attack,1
0.7569,1,2,687,229,normal,0
0.126,0,2,1477,3348,normal,0
0.0014,0,0,30,57,ddos_attack,1
0.1595,0,4,619,14,honeypot_probe,1
0.3549,0,2,479,3655,normal,0
0.0001,0,4,1206,39,honeypot_probe,1
0.2074,0,3,118,821,normal,0
1.2526,0,1,438,577,normal,0
0.085,0,4,589,83,honeypot_probe,1
0.0039,0,0,22,3,ddos_attack,1
0.4563,0,1,1404,3728,normal,0
0.4729,0,0,615,2132,normal,0
0.1394,0,0,396,2568,normal,0
0.7977,1,1,458,162,normal,0
0.0113,1,1,684,1457,normal,0
0.1116,0,3,1018,3766,normal,0
0.0006,0,0,13,17,ddos_attack,1
0.0006,0,0,35,18,ddos_attack,1
0.0726,0,1,687,1625,normal,0
1.2192,0,1,356,782,normal,0
0.0816,0,2,123,1749,normal,0
0.2648,0,1,582,2813,normal,0
0.0187,0,0,31,58,ddos_attack,1
0.6705,1,0,256,2402,normal,0
0.605,0,3,535,3978,normal,0
0.7645,0,0,672,1697,normal,0
0.2989,0,0,1434,2798,normal,0
0.4981,0,0,1195,2352,normal,0
0.0111,0,0,26,23,ddos_attack,1
0.275,0,0,1044,1422,normal,0
0.2418,0,1,200,2369,normal,0
0.1494,0,4,1807,97,honeypot_probe,1
0.2136,0,3,1165,2227,normal,0
0.0704,0,4,1355,51,honeypot_probe,1
0.916,0,0,1057,3294,normal,0
0.3548,0,0,903,3630,normal,0
1.8199,0,1,258,1222,normal,0
0.0748,0,0,858,3857,normal,0
0.0634,0,1,1458,3762,normal,0
0.0128,0,0,41,7,ddos_attack,1
0.437,0,2,717,3197,normal,0
0.1175,1,1,81,1645,normal,0
0.1458,0,0,839,1823,normal,0
0.0779,0,2,1081,3545,normal,0
0.0305,0,3,513,3825,normal,0
0.3817,0,0,1185,3828,normal,0
0.015,0,0,60,16,ddos_attack,1
0.0398,0,4,1245,81,honeypot_probe,1
0.0988,1,0,440,2407,normal,0
0.0851,1,0,392,3020,normal,0
0.0016,0,3,20,33,ddos_attack,1
0.5139,0,0,188,1962,normal,0
0.0632,0,2,967,533,normal,0
0.2174,0,1,917,1785,normal,0
0.1551,0,0,569,292,normal,0
0.7784,0,2,439,3211,normal,0
0.0013,0,4,677,14,honeypot_probe,1
0.0905,0,1,1490,2104,normal,0
0.0033,0,0,57,13,ddos_attack,1
0.6987,0,0,1275,636,normal,0
0.0005,0,1,42,63,ddos_attack,1
0.0244,0,0,19,34,ddos_attack,1
0.0159,0,1,27,8,ddos_attack,1
1.6146,0,3,292,2815,normal,0
0.0076,0,3,40,31,ddos_attack,1
1.1805,0,0,1103,793,normal,0
0.007,0,1,55,60,ddos_attack,1
0.0278,0,0,996,2445,normal,0
0.4407,0,1,383,1165,normal,0
0.1823,0,4,1486,41,honeypot_probe,1
0.572,1,0,534,3359,normal,0
0.0968,0,0,665,1666,normal,0
0.4918,0,0,979,3496,normal,0
0.0641,0,0,51,59,ddos_attack,1
0.1569,0,3,146,2505,normal,0
0.0622,0,4,552,14,honeypot_probe,1
0.0848,1,0,741,678,normal,0
0.9871,0,0,802,2732,normal,0
0.045,0,0,848,1730,normal,0
1.2222,0,1,552,1053,normal,0
1.0321,1,0,634,3475,normal,0
0.0302,0,1,43,43,ddos_attack,1
0.0138,0,4,1644,34,honeypot_probe,1
0.4244,0,2,869,2304,normal,0
0.0752,0,2,1302,2462,normal,0
0.3318,0,0,325,915,normal,0
0.1185,0,1,1118,3715,normal,0
0.066,0,4,1733,15,honeypot_probe,1
0.1557,0,2,475,377,normal,0
0.0358,0,1,900,3189,normal,0
1.1752,0,3,216,1757,normal,0
0.1305,0,4,1954,14,honeypot_probe,1
0.0003,0,0,58,2,ddos_attack,1
0.0137,0,1,14,1,ddos_attack,1
0.9491,0,0,1428,3498,normal,0
0.6856,0,2,423,2482,normal,0
0.0446,0,4,1306,77,honeypot_probe,1
0.1977,0,4,1697,9,honeypot_probe,1
0.1,1,0,942,304,normal,0
0.2761,0,4,747,20,honeypot_probe,1
1.5349,0,2,674,1422,normal,0
0.6533,0,1,1117,2969,normal,0
1.1764,0,0,848,2896,normal,0
0.3411,0,0,186,1445,normal,0
0.0021,0,0,40,51,ddos_attack,1
1.0736,0,0,406,459,normal,0
0.0532,1,0,1047,1415,normal,0
0.4898,0,0,517,3058,normal,0
0.8006,1,1,1172,1978,normal,0
0.6532,0,1,914,2331,normal,0
0.0886,0,4,761,34,honeypot_probe,1
0.856,1,2,360,450,normal,0
0.3542,0,0,1403,3695,normal,0
0.1488,0,0,803,1124,normal,0
0.9552,0,2,1139,2908,normal,0
0.061,0,1,854,2822,normal,0
0.1425,0,2,976,3474,normal,0
0.2848,0,2,1271,2599,normal,0
0.0074,0,4,1125,97,honeypot_probe,1
0.0715,0,1,324,1390,normal,0
0.1014,0,0,937,2581,normal,0
0.5325,1,3,549,3779,normal,0
0.6075,0,1,420,2329,normal,0
1.2912,0,1,1400,534,normal,0
1.0201,0,2,524,2574,normal,0
0.2194,0,0,770,230,normal,0
0.1078,0,1,1156,3168,normal,0
0.8821,1,1,793,4095,normal,0
0.0131,0,1,33,18,ddos_attack,1
0.0346,0,0,995,1293,normal,0
1.7559,0,0,1143,2468,normal,0
0.2482,0,1,932,2442,normal,0
0.3232,0,1,451,141,normal,0
0.1102,0,4,815,65,honeypot_probe,1
0.7753,0,2,375,3636,normal,0
0.1646,1,3,939,3515,normal,0
0.9216,0,2,238,398,normal,0
0.0246,0,0,42,35,ddos_attack,1
0.1552,0,2,1127,3949,normal,0
0.3266,0,1,1440,3238,normal,0
0.0615,0,0,1000,1349,normal,0
0.0042,0,0,48,41,ddos_attack,1
0.0048,0,1,39,12,ddos_attack,1
0.227,0,1,1347,408,normal,0
0.1433,0,4,1651,39,honeypot_probe,1
0.3006,0,1,728,877,normal,0
0.3139,1,3,578,1131,normal,0
0.0276,0,0,32,39,ddos_attack,1
0.5701,0,3,68,2823,normal,0
0.1229,0,4,1301,18,honeypot_probe,1
0.064,0,4,861,64,honeypot_probe,1
0.3077,0,2,791,371,normal,0
0.0138,0,1,334,1925,normal,0
0.0112,0,2,1094,3027,normal,0
2.4053,0,1,1189,2513,normal,0
0.1111,1,0,1236,1844,normal,0
1.1498,0,0,1199,390,normal,0
0.3227,0,0,1049,3979,normal,0
2.1194,0,1,1236,3468,normal,0
2.0653,0,0,1368,3606,normal,0
0.2736,0,2,344,3091,normal,0
0.3872,0,1,1149,3840,normal,0
0.1544,0,3,499,2388,normal,0
1.3085,0,1,1306,2596,normal,0
0.3131,1,0,980,1313,normal,0
0.0006,0,4,792,46,honeypot_probe,1
0.6336,0,1,228,2899,normal,0
0.3595,0,1,463,2083,normal,0
0.5413,0,2,1324,3798,normal,0
0.1334,1,0,163,2067,normal,0
0.1844,0,3,786,1158,normal,0
0.1181,0,4,1051,83,honeypot_probe,1
0.0025,0,0,53,59,ddos_attack,1
0.0157,0,1,40,44,ddos_attack,1
0.1506,1,1,1476,3471,normal,0
1.0275,0,3,1026,3162,normal,0
0.0072,0,0,52,23,ddos_attack,1
0.3625,1,1,753,589,normal,0
0.227,0,0,471,3236,normal,0
0.0173,0,0,36,45,ddos_attack,1
1.584,0,3,805,1034,normal,0
1.2786,0,0,167,1387,normal,0
0.012,0,3,30,34,ddos_attack,1
0.3628,0,1,462,2772,normal,0
1.0526,1,0,924,3496,normal,0
0.3094,0,1,458,375,normal,0
0.0986,0,1,304,3540,normal,0
0.1395,0,1,592,2442,normal,0
0.0673,0,1,445,2063,normal,0
0.2868,0,4,1398,22,honeypot_probe,1
0.1588,0,4,730,97,honeypot_probe,1
0.066,0,4,288,59,honeypot_probe,1
0.0217,0,0,52,14,ddos_attack,1
0.0024,0,0,28,23,ddos_attack,1
0.0188,0,0,22,49,ddos_attack,1
0.0043,0,1,45,16,ddos_attack,1
0.0799,0,4,431,8,honeypot_probe,1
0.0313,0,2,733,4069,normal,0
0.5825,0,0,112,333,normal,0
0.2798,0,1,946,2901,normal,0
0.7714,1,2,160,3130,normal,0
1.7525,1,1,381,2557,normal,0
0.1412,1,0,550,1005,normal,0
0.4453,0,0,635,1194,normal,0
0.0498,0,4,1951,80,honeypot_probe,1
0.2189,0,4,602,94,honeypot_probe,1
0.1382,0,0,939,1678,normal,0
0.7233,0,1,467,1146,normal,0
0.3213,0,3,1188,2598,normal,0
0.2019,0,1,174,2328,normal,0
0.0001,0,3,10,22,ddos_attack,1
1.6317,0,2,357,1646,normal,0
0.0054,0,0,12,37,ddos_attack,1
0.1261,0,1,1348,698,normal,0
0.2858,0,4,1293,57,honeypot_probe,1
0.0881,0,1,993,764,normal,0
0.6261,0,2,587,2041,normal,0
0.0889,1,0,1448,890,normal,0
1.2382,0,0,152,2377,normal,0
0.0557,0,4,1780,69,honeypot_probe,1
0.2378,0,2,1473,3153,normal,0
0.778,1,3,392,2059,normal,0
0.0221,0,4,1682,75,honeypot_probe,1
0.0448,1,1,1203,182,normal,0
0.3746,0,0,922,1120,normal,0
1.2068,0,1,166,1097,normal,0
1.3711,0,1,585,1848,normal,0
0.0195,0,3,13,19,ddos_attack,1
0.2433,0,0,1245,3384,normal,0
0.2278,0,4,1759,76,honeypot_probe,1
0.0094,0,3,53,15,ddos_attack,1
1.252,1,1,1387,1616,normal,0
0.0182,0,0,18,0,ddos_attack,1
0.0146,0,0,45,28,ddos_attack,1
0.0695,0,4,1727,22,honeypot_probe,1
1.4498,0,1,1137,2991,normal,0
0.0528,0,4,354,86,honeypot_probe,1
0.64,0,1,218,1802,normal,0
0.4457,0,0,708,1613,normal,0
0.4802,0,3,800,2835,normal,0
0.0498,0,4,1507,52,honeypot_probe,1
0.3334,0,1,885,3228,normal,0
0.1637,0,3,84,3586,normal,0
0.336,0,0,681,2955,normal,0
0.0894,1,0,243,4028,normal,0
0.0425,0,4,776,25,honeypot_probe,1
0.0463,0,4,1751,31,honeypot_probe,1
1.2776,0,0,1087,279,normal,0
0.153,0,2,450,566,normal,0
0.4905,0,0,484,3131,normal,0
0.9035,0,0,603,3078,normal,0
0.0646,0,4,1926,36,honeypot_probe,1
0.7555,0,1,483,1968,normal,0
0.1096,0,1,1203,656,normal,0
0.2289,0,2,380,765,normal,0
0.0533,0,4,889,87,honeypot_probe,1
0.5389,0,2,1108,270,normal,0
0.1139,0,0,940,4049,normal,0
0.7287,0,0,115,1139,normal,0
0.0198,0,0,12,60,ddos_attack,1
0.4766,0,0,420,1494,normal,0
0.0049,0,0,14,62,ddos_attack,1
0.403,0,4,980,42,honeypot_probe,1
0.8494,0,2,1395,1726,normal,0
1.4066,0,1,1388,2795,normal,0
0.0849,0,4,1013,0,honeypot_probe,1
0.1142,0,4,1823,72,honeypot_probe,1
1.096,0,2,866,2685,normal,0
0.0128,0,3,22,29,ddos_attack,1
0.924,0,0,1106,3538,normal,0
0.0124,0,0,14,47,ddos_attack,1
0.7875,0,2,1085,1354,normal,0
0.8131,0,1,686,2996,normal,0
0.0026,0,3,42,38,ddos_attack,1
0.2686,0,2,1062,3530,normal,0
0.0366,0,2,197,1188,normal,0
0.3488,0,3,690,2584,normal,0
0.2666,0,3,811,400,normal,0
0.0004,0,0,38,13,ddos_attack,1
0.4479,0,2,1275,3768,normal,0
0.0188,0,4,897,84,honeypot_probe,1
1.2473,1,3,1264,3625,normal,0
0.2882,0,3,461,2505,normal,0
0.7557,1,2,501,1423,normal,0
0.3298,0,0,680,1193,normal,0
0.0672,0,4,1158,77,honeypot_probe,1
0.1691,0,4,1159,35,honeypot_probe,1
1.0419,1,1,1038,1208,normal,0
0.1765,0,4,1036,55,honeypot_probe,1
0.1098,0,2,1213,3134,normal,0
0.0023,0,0,28,13,ddos_attack,1
0.1385,0,0,1157,938,normal,0
0.0239,0,0,1438,3021,normal,0
0.6663,0,3,454,2656,normal,0
1.1025,0,3,1397,4094,normal,0
0.1034,0,4,1419,12,honeypot_probe,1
0.1207,0,3,685,3997,normal,0
0.0113,0,3,31,30,ddos_attack,1
0.3794,0,0,1003,3703,normal,0
0.0089,0,0,59,19,ddos_attack,1
0.4175,0,1,1280,4072,normal,0
0.0268,0,4,590,8,honeypot_probe,1
0.0377,0,1,29,57,ddos_attack,1
0.2425,1,2,67,2953,normal,0
1.3902,0,3,1291,1104,normal,0
0.0168,0,0,47,4,ddos_attack,1
0.732,1,0,910,3070,normal,0
0.7167,1,1,114,792,normal,0
0.5537,0,1,1372,3053,normal,0
0.7938,0,2,504,3673,normal,0
0.125,0,4,445,70,honeypot_probe,1
0.1124,0,4,749,17,honeypot_probe,1
0.0218,0,0,50,28,ddos_attack,1
0.0632,0,0,1021,2988,normal,0
0.0029,0,3,37,8,ddos_attack,1
0.1818,0,1,1468,2384,normal,0
0.0065,0,3,39,25,ddos_attack,1
0.0025,0,1,11,50,ddos_attack,1
0.1596,0,2,688,3989,normal,0
0.0106,0,1,23,26,ddos_attack,1
1.4163,0,1,558,4055,normal,0
0.5138,0,4,829,42,honeypot_probe,1
0.3277,0,3,1374,2096,normal,0
0.0106,0,0,37,62,ddos_attack,1
0.0641,1,1,88,3109,normal,0
0.0324,0,3,14,60,ddos_attack,1
0.1649,0,3,1379,3373,normal,0
0.0619,1,2,1171,2685,normal,0
0.2877,0,3,1118,4068,normal,0
0.1942,0,2,642,2815,normal,0
0.0027,0,1,53,52,ddos_attack,1
0.1603,0,2,394,3957,normal,0
0.5756,0,1,1250,1774,normal,0
0.0116,0,0,27,57,ddos_attack,1
0.1245,0,0,443,1412,normal,0
0.183,0,1,88,673,normal,0
0.73,0,1,1403,1474,normal,0
0.0616,0,4,1471,47,honeypot_probe,1
0.2204,1,0,527,3039,normal,0
0.3512,0,0,1304,1888,normal,0
0.9736,0,3,662,723,normal,0
0.2548,0,0,1228,745,normal,0
0.3034,0,0,1496,2582,normal,0
0.0002,0,3,40,12,ddos_attack,1
0.0057,0,0,19,49,ddos_attack,1
0.9644,0,0,368,3998,normal,0
0.111,0,0,1346,3579,normal,0
0.4249,0,2,97,4023,normal,0
0.147,0,4,546,65,honeypot_probe,1
0.0134,0,0,62,37,ddos_attack,1
0.7257,0,2,112,1215,normal,0
0.2427,0,3,919,2936,normal,0
0.2851,0,2,1393,1868,normal,0
1.5438,0,0,1150,399,normal,0
0.7922,0,1,296,1117,normal,0
0.6281,0,3,807,1038,normal,0
0.4074,0,0,376,703,normal,0
0.3979,1,3,695,2574,normal,0
1.4339,0,1,1046,2652,normal,0
0.392,0,2,973,657,normal,0
0.0447,0,0,642,1342,normal,0
0.3107,0,2,953,2844,normal,0
0.1007,0,3,183,400,normal,0
0.0054,0,0,47,36,ddos_attack,1
0.0848,0,3,1022,3746,normal,0
0.0215,0,4,366,62,honeypot_probe,1
0.3543,0,1,318,3478,normal,0
0.956,0,2,255,1130,normal,0
0.1625,0,3,791,3415,normal,0
0.0117,0,2,828,2446,normal,0
0.0269,0,0,18,20,ddos_attack,1
0.0639,0,4,261,3,honeypot_probe,1
0.275,0,1,508,1472,normal,0
0.1128,0,3,646,382,normal,0
0.0601,0,4,1615,63,honeypot_probe,1
0.0034,0,0,59,15,ddos_attack,1
0.5779,1,1,999,1255,normal,0
0.1821,0,1,726,1306,normal,0
0.3202,0,2,276,2076,normal,0
0.3544,1,0,708,1788,normal,0
0.6903,0,3,536,2016,normal,0
0.3781,0,1,782,1679,normal,0
0.0984,0,0,899,969,normal,0
0.1152,0,0,1481,3058,normal,0
0.03,0,4,623,46,honeypot_probe,1
0.6257,0,0,145,2191,normal,0
0.7459,0,0,599,3734,normal,0
0.2993,0,0,264,523,normal,0
0.3958,0,1,1269,3042,normal,0
0.286,0,2,1387,3194,normal,0
0.0105,0,0,10,60,ddos_attack,1
0.0503,0,1,43,37,ddos_attack,1
1.0122,1,2,874,1455,normal,0
0.6487,0,2,1249,2124,normal,0
0.0035,0,1,41,18,ddos_attack,1
0.0045,0,0,934,1521,normal,0
0.3482,0,4,1379,16,honeypot_probe,1
0.0044,0,3,22,11,ddos_attack,1
0.2614,0,2,1066,2045,normal,0
0.0092,0,3,39,36,ddos_attack,1
0.6429,0,3,1001,2499,normal,0
0.3841,0,0,312,2713,normal,0
0.2237,0,3,84,1826,normal,0
0.4332,0,2,462,3948,normal,0
0.0032,0,3,33,39,ddos_attack,1
0.0506,0,4,1001,40,honeypot_probe,1
0.9492,0,0,857,1716,normal,0
0.0281,0,4,1608,70,honeypot_probe,1
0.3224,0,0,101,522,normal,0
0.1933,1,1,1372,3663,normal,0
0.0563,0,1,797,3051,normal,0
0.3868,0,0,766,3579,normal,0
0.0381,0,3,14,9,ddos_attack,1
0.0144,0,1,46,6,ddos_attack,1
0.0104,0,4,1686,98,honeypot_probe,1
0.0029,0,0,26,12,ddos_attack,1
1.4115,0,2,479,1163,normal,0
0.1209,1,2,1269,1448,normal,0
0.4856,0,1,290,3555,normal,0
1.0672,0,0,924,972,normal,0
0.1275,0,1,1248,1818,normal,0
0.1929,0,4,768,94,honeypot_probe,1
0.0001,0,0,36,37,ddos_attack,1
0.1083,0,0,808,4080,normal,0
0.0001,0,0,61,17,ddos_attack,1
0.0792,0,0,1180,3828,normal,0
0.0085,0,0,32,39,ddos_attack,1
0.0226,0,4,1858,40,honeypot_probe,1
0.0078,0,0,14,52,ddos_attack,1
0.1735,0,4,1789,55,honeypot_probe,1
0.103,0,0,82,2697,normal,0
0.0302,0,3,25,27,ddos_attack,1
0.1311,0,3,1388,593,normal,0
1.031,0,3,1178,850,normal,0
0.005,0,0,18,26,ddos_attack,1
0.6467,0,1,491,2320,normal,0
0.4781,0,3,139,1794,normal,0
0.0451,0,1,1333,1291,normal,0
0.6566,0,1,366,1645,normal,0
0.016,0,2,164,3645,normal,0
0.554,0,2,790,3490,normal,0
0.5336,0,2,879,278,normal,0
0.0652,0,3,470,2462,normal,0
0.0079,0,4,691,8,honeypot_probe,1
0.6201,0,2,1177,2673,normal,0
0.1144,0,1,535,1907,normal,0
0.4947,1,2,526,824,normal,0
0.1073,1,1,1052,1956,normal,0
1.1474,0,1,499,2029,normal,0
0.2031,0,4,660,40,honeypot_probe,1
0.1926,0,0,1396,373,normal,0
0.0045,0,0,29,27,ddos_attack,1
0.729,0,3,499,933,normal,0
0.0126,0,1,29,42,ddos_attack,1
1.1411,0,1,782,566,normal,0
0.675,0,2,110,1006,normal,0
0.0036,0,1,37,11,ddos_attack,1
0.3661,0,3,826,863,normal,0
0.011,0,0,52,17,ddos_attack,1
0.0566,0,3,1000,2272,normal,0
0.0264,0,4,1113,24,honeypot_probe,1
0.0608,0,1,628,274,normal,0
0.0767,0,0,336,2633,normal,0
0.0021,0,0,20,10,ddos_attack,1
0.6624,0,0,1457,3639,normal,0
0.0023,0,1,787,2809,normal,0
0.1245,0,3,983,1854,normal,0
0.0747,0,1,1361,1061,normal,0
0.2311,0,0,801,2499,normal,0
0.0057,0,1,21,41,ddos_attack,1
0.3506,1,2,1213,2184,normal,0
0.3301,1,0,933,660,normal,0
0.465,0,0,132,1994,normal,0
0.0345,0,4,226,33,honeypot_probe,1
0.0118,0,4,771,41,honeypot_probe,1
0.6833,0,0,384,587,normal,0
1.0325,0,0,527,1125,normal,0
0.0014,0,0,24,32,ddos_attack,1
0.473,0,1,942,3575,normal,0
0.0263,0,4,1466,50,honeypot_probe,1
0.3149,1,1,139,2931,normal,0
0.9285,1,1,430,953,normal,0
0.146,0,0,1377,3643,normal,0
0.0158,0,0,27,18,ddos_attack,1
0.2104,0,4,458,98,honeypot_probe,1
0.6312,0,0,423,2444,normal,0
0.115,0,4,399,53,honeypot_probe,1
0.1732,0,1,169,826,normal,0
0.0925,0,2,1286,874,normal,0
0.4079,0,0,1332,1439,normal,0
0.0159,0,0,35,44,ddos_attack,1
0.3585,0,1,1179,2699,normal,0
0.0105,0,0,37,27,ddos_attack,1
0.3004,1,1,444,952,normal,0
0.1007,0,0,1157,2464,normal,0
0.1299,0,4,1330,12,honeypot_probe,1
1.7846,0,1,1124,1170,normal,0
0.3082,0,2,262,3745,normal,0
0.2414,0,3,1257,2010,normal,0
0.2498,0,0,1108,2491,normal,0
0.1041,0,4,650,9,honeypot_probe,1
0.034,0,1,26,9,ddos_attack,1
0.346,0,4,1903,73,honeypot_probe,1
0.0153,0,0,10,42,ddos_attack,1
0.3379,0,1,1229,4008,normal,0
0.8571,0,0,658,2048,normal,0
0.061,0,4,1593,4,honeypot_probe,1
1.1997,1,1,322,387,normal,0
0.012,0,3,19,46,ddos_attack,1
0.2748,0,2,962,3078,normal,0
0.3745,0,0,945,1725,normal,0
0.203,0,4,1969,86,honeypot_probe,1
0.4542,0,1,1136,1906,normal,0
1.3008,0,1,482,3402,normal,0
0.8468,0,1,1399,3119,normal,0
0.3071,0,1,697,759,normal,0
0.5282,1,1,933,3389,normal,0
0.0029,0,0,50,62,ddos_attack,1
0.0337,0,1,523,2422,normal,0
0.3019,0,3,470,580,normal,0
1.0088,0,0,210,533,normal,0
0.4408,0,3,588,2918,normal,0
0.2903,0,2,1387,246,normal,0
0.0172,0,3,52,37,ddos_attack,1
0.0243,0,4,857,63,honeypot_probe,1
0.8489,0,2,438,163,normal,0
0.015,0,0,47,15,ddos_attack,1
0.65,0,0,1089,344,normal,0
0.039,0,4,1647,67,honeypot_probe,1
0.0051,0,0,27,42,ddos_attack,1
0.0641,0,4,1227,94,honeypot_probe,1
0.5174,0,2,527,851,normal,0
0.1235,0,4,742,49,honeypot_probe,1
0.0264,0,4,1261,59,honeypot_probe,1
0.1339,1,0,1205,2609,normal,0
0.1116,0,4,1622,47,honeypot_probe,1
0.4604,0,2,931,2018,normal,0
0.9398,0,1,1175,1000,normal,0
0.5348,0,0,1117,1046,normal,0
0.2313,0,2,746,1130,normal,0
0.0084,0,0,63,34,ddos_attack,1
0.4361,1,0,75,1273,normal,0
0.0186,0,0,33,37,ddos_attack,1
0.0084,0,4,1551,78,honeypot_probe,1
0.1397,0,4,1723,95,honeypot_probe,1
0.4197,0,3,420,939,normal,0
0.0042,0,0,23,27,ddos_attack,1
0.0029,0,0,1192,3747,normal,0
0.174,0,3,575,2584,normal,0
1.5269,0,2,1150,1183,normal,0
0.5194,0,0,406,1383,normal,0
0.023,0,4,556,34,honeypot_probe,1
0.8324,0,2,854,2667,normal,0
0.5694,0,3,1316,2498,normal,0
0.3874,0,1,330,2860,normal,0
0.0457,0,4,1818,35,honeypot_probe,1
0.1388,0,0,204,2740,normal,0
0.2944,1,2,1272,957,normal,0
0.6814,0,2,698,3207,normal,0
0.1245,0,4,1592,31,honeypot_probe,1
0.7873,0,2,862,2723,normal,0
0.0572,0,4,928,48,honeypot_probe,1
0.0013,0,1,38,15,ddos_attack,1
0.0054,0,3,12,25,ddos_attack,1
0.6926,0,1,655,1389,normal,0
0.4967,0,1,1100,764,normal,0
0.6963,0,2,996,4027,normal,0
0.251,0,1,612,3872,normal,0
0.0068,0,1,31,40,ddos_attack,1
0.0229,0,4,1883,57,honeypot_probe,1
1.4151,0,3,1328,3132,normal,0
1.8345,0,0,974,2448,normal,0
0.0671,0,4,722,63,honeypot_probe,1
0.0345,0,1,51,10,ddos_attack,1
0.0514,0,0,434,1108,normal,0
0.0396,0,4,827,20,honeypot_probe,1
0.0385,0,1,790,3206,normal,0
0.2384,0,2,1218,3326,normal,0
0.1587,0,4,907,48,honeypot_probe,1
0.0071,0,0,16,34,ddos_attack,1
0.0783,0,0,1092,3485,normal,0
0.0884,0,4,907,41,honeypot_probe,1
1.1597,0,0,676,1412,normal,0
0.0223,0,0,878,3945,normal,0
0.8088,0,2,601,909,normal,0
1.0422,0,0,93,2060,normal,0
0.5914,0,1,91,2297,normal,0
0.0011,0,1,14,43,ddos_attack,1
0.7199,0,2,528,818,normal,0
0.0155,0,1,62,34,ddos_attack,1
0.1853,0,1,1396,2477,normal,0
0.3206,0,4,394,73,honeypot_probe,1
0.6223,0,4,688,71,honeypot_probe,1
0.4517,0,2,994,2829,normal,0
0.2474,0,1,715,424,normal,0
0.0144,0,0,58,1,ddos_attack,1
0.7306,0,0,742,3876,normal,0
0.0091,0,1,20,35,ddos_attack,1
0.1921,0,0,894,793,normal,0
0.6534,0,0,82,3706,normal,0
0.0055,0,3,40,2,ddos_attack,1
0.0039,0,0,44,20,ddos_attack,1
0.0178,0,0,27,61,ddos_attack,1
0.3163,1,0,767,3100,normal,0
0.4318,0,2,576,1111,normal,0
0.4188,0,0,651,387,normal,0
0.0047,0,0,49,31,ddos_attack,1
0.2436,0,0,1018,2559,normal,0
0.11,0,1,638,2278,normal,0
0.0098,0,0,644,2289,normal,0
0.2351,0,1,918,1360,normal,0
0.0023,0,3,18,58,ddos_attack,1
1.1172,0,3,1164,2518,normal,0
0.0,0,0,49,30,ddos_attack,1
1.9272,0,2,1328,423,normal,0
0.348,0,3,119,3765,normal,0
0.0163,0,0,277,1650,normal,0
0.0274,0,2,1486,2609,normal,0
0.6,0,2,1428,186,normal,0
0.0343,0,3,1409,676,normal,0
0.0066,0,0,54,21,ddos_attack,1
0.1731,0,2,1311,2818,normal,0
0.008,0,1,18,4,ddos_attack,1
0.217,0,4,945,30,honeypot_probe,1
0.1842,0,1,1262,2473,normal,0
0.533,0,1,292,906,normal,0
1.0409,0,0,595,1551,normal,0
0.9129,0,1,432,3273,normal,0
0.1738,0,4,1615,69,honeypot_probe,1
0.2103,0,3,839,1208,normal,0
0.0067,0,0,1011,1088,normal,0
1.146,0,1,758,1451,normal,0
0.0308,0,2,1189,968,normal,0
0.0127,0,4,1223,1,honeypot_probe,1
0.0026,0,3,17,57,ddos_attack,1
0.4755,0,0,576,3083,normal,0
0.8529,0,1,322,603,normal,0
0.8078,0,0,861,2631,normal,0
0.0963,0,4,1827,95,honeypot_probe,1
0.012,0,4,235,8,honeypot_probe,1
0.0681,0,2,1033,1817,normal,0
0.0887,1,2,837,456,normal,0
0.9761,0,3,1201,698,normal,0
0.5871,0,3,879,2091,normal,0
0.017,0,1,29,20,ddos_attack,1
0.175,0,1,734,138,normal,0
0.0003,0,1,62,12,ddos_attack,1
0.1569,0,2,851,336,normal,0
0.0408,0,1,484,2483,normal,0
0.4356,1,0,1319,3531,normal,0
0.034,0,3,406,720,normal,0
1.122,0,1,1129,3654,normal,0
0.0022,0,0,13,30,ddos_attack,1
0.7329,0,1,1323,2890,normal,0
0.0821,0,4,1829,23,honeypot_probe,1
0.2322,0,0,665,965,normal,0
0.0908,0,0,329,3720,normal,0
0.4549,0,0,402,1223,normal,0
0.0497,0,4,1461,81,honeypot_probe,1
0.0247,0,1,1284,2170,normal,0
0.0375,0,3,868,1617,normal,0
0.0321,0,4,1333,22,honeypot_probe,1
0.2767,0,0,883,2414,normal,0
0.0127,0,0,15,45,ddos_attack,1
0.1276,0,1,920,441,normal,0
0.0397,0,4,271,54,honeypot_probe,1
0.0931,0,4,1372,25,honeypot_probe,1
0.004,0,1,59,1,ddos_attack,1
0.0411,0,4,320,36,honeypot_probe,1
1.0727,1,0,1114,832,normal,0
0.0359,0,1,53,56,ddos_attack,1
0.0165,0,3,52,26,ddos_attack,1
0.016,0,1,303,1455,normal,0
0.0018,0,1,17,38,ddos_attack,1
0.9073,1,0,420,1799,normal,0
0.0126,0,4,1393,71,honeypot_probe,1
0.0165,0,0,36,32,ddos_attack,1
0.6053,0,0,212,2078,normal,0
1.0169,1,2,719,2251,normal,0
0.0966,0,4,1791,79,honeypot_probe,1
0.0097,0,0,30,47,ddos_attack,1
0.1785,0,3,933,3449,normal,0
0.4395,0,2,1078,2650,normal,0
0.0819,0,4,992,27,honeypot_probe,1
0.2107,0,0,1022,1981,normal,0
0.8483,0,0,1394,907,normal,0
0.3964,0,2,758,1119,normal,0
0.1682,0,0,304,984,normal,0
0.0192,0,4,651,83,honeypot_probe,1
0.1106,0,2,98,3051,normal,0
0.0066,0,0,53,38,ddos_attack,1
0.0476,0,4,404,65,honeypot_probe,1
0.0898,0,4,238,44,honeypot_probe,1
0.6296,0,1,85,2180,normal,0
0.693,0,0,730,927,normal,0
0.0023,1,0,1129,888,normal,0
0.0273,0,0,1151,333,normal,0
0.2337,0,3,1028,1679,normal,0
0.1911,0,1,1236,766,normal,0
0.4099,0,0,1178,2017,normal,0
0.3796,0,1,427,4088,normal,0
0.2873,0,1,1307,1825,normal,0
0.0617,0,2,235,753,normal,0
0.0827,0,2,374,3929,normal,0
0.0135,0,4,1057,65,honeypot_probe,1
0.109,0,1,277,2992,normal,0
0.0027,0,0,61,4,ddos_attack,1
0.7848,0,2,451,131,normal,0
0.7996,0,1,621,3247,normal,0
0.2049,0,4,730,56,honeypot_probe,1
0.1032,1,2,791,3645,normal,0
0.1946,0,2,904,2155,normal,0
0.4454,0,0,914,2904,normal,0
1.22,0,1,200,3839,normal,0
0.882,0,3,1302,2202,normal,0
0.2814,0,1,1117,3272,normal,0
0.1877,0,0,965,2214,normal,0
0.0213,0,1,40,50,ddos_attack,1
0.0739,0,0,519,2222,normal,0
0.0007,0,0,48,7,ddos_attack,1
0.0291,0,3,57,2,ddos_attack,1
0.1441,0,0,322,1480,normal,0
0.7898,0,1,1346,250,normal,0
0.031,0,4,1479,71,honeypot_probe,1
0.0428,0,4,1673,86,honeypot_probe,1
0.303,0,0,400,3807,normal,0
0.0393,1,1,1437,768,normal,0
0.1133,0,4,382,56,honeypot_probe,1
0.886,0,1,263,3123,normal,0
0.2419,0,4,1601,20,honeypot_probe,1
0.7879,0,0,994,3881,normal,0
0.0134,0,0,54,32,ddos_attack,1
0.4939,0,0,1113,1221,normal,0
0.0099,0,0,39,9,ddos_attack,1
0.603,0,0,500,3028,normal,0
0.296,0,1,663,4012,normal,0
0.0204,0,1,181,3064,normal,0
0.7803,0,3,753,901,normal,0
1.1304,0,1,127,587,normal,0
0.0302,0,1,17,25,ddos_attack,1
0.0396,0,2,1446,1277,normal,0
0.0025,0,3,32,54,ddos_attack,1
0.3135,0,4,655,91,honeypot_probe,1
0.8133,1,1,370,3275,normal,0
0.0438,0,4,367,27,honeypot_probe,1
0.1021,0,4,1414,97,honeypot_probe,1
0.0032,0,1,17,2,ddos_attack,1
1.5142,0,2,1146,279,normal,0
0.002,0,1,16,22,ddos_attack,1
0.6194,0,0,431,2147,normal,0
0.2195,0,1,84,1032,normal,0
0.5693,0,2,1092,2382,normal,0
0.0272,0,0,45,34,ddos_attack,1
0.0104,0,0,20,43,ddos_attack,1
0.1069,0,2,799,2809,normal,0
0.787,1,3,427,4094,normal,0
0.2619,0,3,1167,2212,normal,0
0.0732,0,2,157,159,normal,0
0.0094,0,0,30,28,ddos_attack,1
0.034,0,4,1782,11,honeypot_probe,1
0.0276,0,4,1246,4,honeypot_probe,1
0.023,0,2,1238,2698,normal,0
1.1514,0,0,1359,3629,normal,0
0.6851,0,0,984,3788,normal,0
0.232,0,0,828,1402,normal,0
0.3666,1,1,1058,1448,normal,0
0.4934,0,1,122,2285,normal,0
0.2789,0,2,1464,1183,normal,0
0.0168,0,4,730,2,honeypot_probe,1
0.1048,1,0,420,812,normal,0
0.0485,0,4,858,16,honeypot_probe,1
0.3446,0,1,575,1199,normal,0
1.1151,0,1,687,1933,normal,0
0.677,1,0,824,1455,normal,0
0.0015,0,0,31,28,ddos_attack,1
0.0217,0,4,704,8,honeypot_probe,1
0.8184,0,1,771,1977,normal,0
1.4884,0,1,955,1323,normal,0
0.0046,0,3,33,21,ddos_attack,1
0.3577,0,0,1036,4073,normal,0
0.5806,0,2,1265,3855,normal,0
0.1888,0,4,1312,37,honeypot_probe,1
0.1595,0,4,545,71,honeypot_probe,1
0.0191,0,0,22,53,ddos_attack,1
0.0577,0,0,1479,570,normal,0
0.831,0,2,749,2927,normal,0
0.146,0,4,443,31,honeypot_probe,1
0.9102,0,2,496,310,normal,0
0.3842,0,0,927,3584,normal,0
0.0001,0,3,46,23,ddos_attack,1
0.0349,1,3,485,308,normal,0
0.3587,0,0,486,462,normal,0
0.005,0,0,15,63,ddos_attack,1
0.0376,0,0,37,14,ddos_attack,1
0.1388,0,0,1227,262,normal,0
0.0117,0,1,58,44,ddos_attack,1
0.0103,0,3,48,5,ddos_attack,1
0.2402,0,2,1248,3626,normal,0
0.0401,1,0,539,2735,normal,0
0.2669,0,3,767,1675,normal,0
0.0043,0,3,33,29,ddos_attack,1
0.3625,0,0,121,3193,normal,0
0.5649,0,1,670,3277,normal,0
0.055,0,0,192,2494,normal,0
0.0887,0,0,617,2027,normal,0
0.6166,0,3,1277,3324,normal,0
0.9489,0,2,1176,973,normal,0
0.3335,0,1,1103,3232,normal,0
0.4397,0,1,527,2218,normal,0
0.0865,0,4,515,95,honeypot_probe,1
0.2624,0,0,826,1488,normal,0
0.5406,0,1,1415,324,normal,0
0.0708,0,4,1994,37,honeypot_probe,1
0.2097,0,2,175,1415,normal,0
0.1552,0,0,736,638,normal,0
0.3503,0,2,1439,932,normal,0
0.7631,0,3,542,3213,normal,0
0.0134,0,3,33,55,ddos_attack,1
0.0462,0,1,744,3235,normal,0
0.4308,0,0,813,2347,normal,0
2.041,0,3,359,3540,normal,0
0.2214,0,0,1218,509,normal,0
0.4132,0,2,182,3872,normal,0
0.2055,0,0,696,848,normal,0
1.7275,0,2,1137,1052,normal,0
0.4519,0,1,442,3525,normal,0
0.0634,0,2,1488,2745,normal,0
0.0681,1,2,1192,1240,normal,0
0.3345,0,1,465,1834,normal,0
0.0373,0,1,601,1564,normal,0
0.1348,0,4,494,3,honeypot_probe,1
0.1652,1,3,743,3029,normal,0
0.1296,0,0,856,3105,normal,0
0.5737,0,1,1037,1049,normal,0
0.0205,0,0,48,33,ddos_attack,1
0.0878,0,3,538,3294,normal,0
1.2109,0,1,1007,3198,normal,0
0.0224,0,4,1012,94,honeypot_probe,1
0.2396,0,3,1140,3325,normal,0
0.0009,0,1,58,30,ddos_attack,1
0.0491,0,4,1460,43,honeypot_probe,1
0.1501,0,0,1129,3596,normal,0
0.9062,0,3,1459,3798,normal,0
0.1606,1,2,180,2878,normal,0
0.1499,0,1,260,3724,normal,0
0.8386,0,1,783,1309,normal,0
0.0248,0,2,260,3319,normal,0
1.5166,0,0,798,1490,normal,0
0.0699,0,4,736,91,honeypot_probe,1
0.1404,0,0,1176,3401,normal,0
0.5557,0,0,178,2897,normal,0
0.0752,0,4,668,41,honeypot_probe,1
0.0008,0,0,46,10,ddos_attack,1
0.1717,0,1,1036,731,normal,0
0.1641,0,2,603,833,normal,0
0.1588,0,4,1884,6,honeypot_probe,1
0.2997,0,2,904,1110,normal,0
0.0038,0,1,48,21,ddos_attack,1
0.3989,0,3,1459,2489,normal,0
0.0033,0,3,29,20,ddos_attack,1
0.0107,0,4,1199,29,honeypot_probe,1
0.0576,0,1,343,1321,normal,0
0.4132,0,1,1493,3800,normal,0
0.1682,0,3,308,3261,normal,0
0.3799,0,0,150,3794,normal,0
0.0301,0,0,63,6,ddos_attack,1
1.33,0,1,842,3709,normal,0
0.4458,0,2,1270,1228,normal,0
0.2551,0,4,884,34,honeypot_probe,1
0.7275,0,0,1334,1590,normal,0
0.0921,0,4,419,75,honeypot_probe,1
1.512,0,1,559,761,normal,0
0.4992,1,3,1446,3485,normal,0
0.1833,0,1,1124,3380,normal,0
0.0987,0,3,101,1534,normal,0
0.9905,0,2,478,1110,normal,0
0.0004,0,1,41,53,ddos_attack,1
1.3821,0,3,250,3113,normal,0
0.0105,0,0,32,10,ddos_attack,1
0.9371,1,0,599,3532,normal,0
0.0075,0,3,20,22,ddos_attack,1
0.5525,0,2,770,840,normal,0
0.0053,0,1,62,16,ddos_attack,1
0.6347,0,2,656,625,normal,0
0.0026,0,4,1504,68,honeypot_probe,1
0.0247,0,1,1114,3577,normal,0
0.1651,0,4,802,67,honeypot_probe,1
0.0186,0,0,21,51,ddos_attack,1
0.2443,0,2,410,2088,normal,0
0.4235,1,3,1398,645,normal,0
0.0341,0,4,619,15,honeypot_probe,1
0.8219,0,1,452,638,normal,0
0.3733,0,1,296,2435,normal,0
0.0102,0,0,51,54,ddos_attack,1
0.5017,0,0,1307,2431,normal,0
0.1429,0,2,168,382,normal,0
0.009,0,3,22,49,ddos_attack,1
0.0146,0,0,32,23,ddos_attack,1
0.0652,0,3,1202,2897,normal,0
0.4893,0,1,1041,3789,normal,0
0.0184,0,4,237,12,honeypot_probe,1
0.1388,0,1,1059,3141,normal,0
0.0329,0,0,46,6,ddos_attack,1
1.3152,0,2,1387,1047,normal,0
0.1734,0,1,720,288,normal,0
0.0934,0,1,346,1889,normal,0
0.1682,1,3,197,574,normal,0
0.1268,1,0,709,506,normal,0
0.1222,0,4,1885,23,honeypot_probe,1
0.6021,0,0,451,2258,normal,0
0.1353,0,1,163,584,normal,0
0.8486,0,0,393,1991,normal,0
0.3089,1,0,491,162,normal,0
0.4782,1,1,1463,3003,normal,0
0.0015,0,1,27,10,ddos_attack,1
0.103,0,0,190,1397,normal,0
0.0361,0,1,619,2934,normal,0
0.6114,0,0,1150,933,normal,0
0.6854,0,3,1302,2316,normal,0
0.7583,0,1,1278,3910,normal,0
0.3863,0,2,340,2222,normal,0
0.6664,0,0,288,1813,normal,0
0.0078,0,4,1237,11,honeypot_probe,1
0.0357,0,1,1006,763,normal,0
0.3139,0,1,279,240,normal,0
0.0133,0,3,37,1,ddos_attack,1
0.9672,0,2,534,3795,normal,0
0.0286,1,2,1447,2019,normal,0
0.0021,0,0,46,4,ddos_attack,1
0.1532,0,1,1380,3362,normal,0
0.5974,1,0,1449,439,normal,0
0.0455,0,4,814,51,honeypot_probe,1
0.5104,1,2,1423,1797,normal,0
0.5949,0,1,872,3006,normal,0
0.0556,0,4,356,70,honeypot_probe,1
0.2673,0,1,1362,3580,normal,0
0.2694,1,1,812,1923,normal,0
0.2885,0,4,1059,60,honeypot_probe,1
1.3592,0,0,439,1732,normal,0
0.4849,0,0,1115,3944,normal,0
0.707,0,0,1247,2691,normal,0
0.3189,0,1,645,2378,normal,0
0.0265,0,4,1066,79,honeypot_probe,1
0.0001,0,3,53,43,ddos_attack,1
0.0052,0,1,15,28,ddos_attack,1
0.904,1,0,586,3279,normal,0
0.002,0,0,62,24,ddos_attack,1
0.4678,0,1,510,2528,normal,0
0.4679,0,0,424,1682,normal,0
1.0992,0,1,1411,3292,normal,0
0.2898,0,0,467,1969,normal,0
0.1269,0,2,1200,1770,normal,0
0.0688,1,1,1006,2072,normal,0
0.4218,0,0,656,2619,normal,0
1.634,0,1,1384,2549,normal,0
0.0005,0,0,57,6,ddos_attack,1
0.2087,0,2,1063,1856,normal,0
0.0891,0,4,1326,81,honeypot_probe,1
0.0074,0,0,42,29,ddos_attack,1
0.9827,0,0,288,2681,normal,0
0.4966,0,1,1418,3204,normal,0
0.4367,0,2,964,2983,normal,0
0.2497,0,0,1069,279,normal,0
0.3215,0,3,112,2030,normal,0
0.0519,0,4,355,6,honeypot_probe,1
0.2003,0,1,238,1365,normal,0
0.5568,0,0,321,2011,normal,0
0.0451,0,0,56,6,ddos_attack,1
0.1028,0,4,1928,24,honeypot_probe,1
0.3601,0,4,418,48,honeypot_probe,1
0.8496,0,0,399,2179,normal,0
0.0281,0,1,55,19,ddos_attack,1
0.037,0,4,1971,33,honeypot_probe,1
0.1297,0,1,1146,2095,normal,0
0.2677,0,2,279,3602,normal,0
0.0006,0,0,54,20,ddos_attack,1
0.0276,0,1,380,2906,normal,0
0.6495,0,3,360,2720,normal,0
1.8749,0,0,865,3406,normal,0
0.0554,0,4,505,13,honeypot_probe,1
0.3111,0,2,641,1813,normal,0
0.2425,0,0,518,1295,normal,0
0.7811,0,0,779,884,normal,0
1.4677,0,1,838,813,normal,0
0.3595,0,3,763,3668,normal,0
0.0844,0,0,1244,726,normal,0
0.2076,0,2,742,3810,normal,0
0.3859,0,1,197,135,normal,0
0.0911,0,0,1121,2182,normal,0
1.4289,0,0,1384,2554,normal,0
0.7925,0,0,902,2594,normal,0
0.7194,0,0,1346,732,normal,0
2.3317,0,1,1457,2406,normal,0
0.0824,0,3,1178,185,normal,0
0.085,0,1,952,1980,normal,0
0.0045,0,1,36,54,ddos_attack,1
1.6649,0,2,618,1930,normal,0
0.2486,0,1,1020,2477,normal,0
0.2044,0,0,254,1929,normal,0
0.2336,1,0,365,765,normal,0
0.0032,0,3,25,50,ddos_attack,1
0.0238,0,1,962,3472,normal,0
0.7977,0,1,480,3958,normal,0
0.1489,0,2,209,3266,normal,0
0.9561,0,3,1408,3634,normal,0
0.4715,0,0,770,3051,normal,0
0.02,0,4,1669,41,honeypot_probe,1
1.3739,0,2,174,2041,normal,0
0.1121,0,4,1350,93,honeypot_probe,1
0.8479,0,1,462,2357,normal,0
0.0041,0,0,25,49,ddos_attack,1
0.2142,0,3,1139,3747,normal,0
0.0143,0,0,47,41,ddos_attack,1
0.4265,0,2,1376,3558,normal,0
0.9888,0,0,937,3276,normal,0
0.2055,1,3,1028,1449,normal,0
0.9381,0,1,334,1668,normal,0
0.004,0,0,18,29,ddos_attack,1
0.1271,0,2,915,987,normal,0
0.0119,0,1,44,32,ddos_attack,1
0.0001,0,0,43,12,ddos_attack,1
0.0003,0,4,933,89,honeypot_probe,1
0.1564,0,2,1281,1526,normal,0
0.39,0,2,176,3120,normal,0
0.1082,0,1,1141,4048,normal,0
1.1859,1,0,1330,1505,normal,0
0.9579,0,3,1414,1195,normal,0
0.0092,0,0,34,4,ddos_attack,1
0.1434,0,1,1481,313,normal,0
0.2899,0,1,747,2361,normal,0
0.0607,0,4,1524,52,honeypot_probe,1
0.0133,0,4,1610,89,honeypot_probe,1
0.0991,0,1,763,2565,normal,0
0.0034,1,2,185,3657,normal,0
0.8603,0,3,1166,786,normal,0
0.1343,0,4,527,19,honeypot_probe,1
0.6555,0,1,952,2339,normal,0
0.196,0,1,1067,1638,normal,0
1.1535,0,3,396,2547,normal,0
0.1947,0,2,991,1970,normal,0
0.0704,0,2,861,1997,normal,0
0.5032,0,0,660,175,normal,0
0.0042,0,0,485,738,normal,0
0.0267,0,4,1871,38,honeypot_probe,1
0.2335,0,1,959,665,normal,0
0.0052,0,0,50,52,ddos_attack,1
1.3758,0,2,562,1093,normal,0
0.3735,0,4,1726,91,honeypot_probe,1
0.8424,0,0,574,2194,normal,0
0.0722,0,1,292,274,normal,0
0.1477,0,3,1422,3408,normal,0
0.1398,0,1,409,1670,normal,0
0.0111,0,0,19,49,ddos_attack,1
0.0013,0,4,1861,26,honeypot_probe,1
0.8481,0,0,608,821,normal,0
1.3769,0,2,803,1618,normal,0
0.1065,1,3,1260,2743,normal,0
0.1406,1,0,1159,3109,normal,0
0.0581,0,3,1339,1560,normal,0
0.0141,0,1,24,53,ddos_attack,1
0.3379,0,1,889,1319,normal,0
0.6245,0,0,733,1902,normal,0
0.0025,0,0,42,24,ddos_attack,1
0.9418,0,3,758,150,normal,0
0.5727,0,0,271,2012,normal,0
0.1232,0,3,568,1098,normal,0
0.0267,0,1,457,4046,normal,0
0.0478,0,1,1227,1115,normal,0
0.0066,0,4,1016,17,honeypot_probe,1
0.1815,1,0,88,1838,normal,0
0.2826,0,0,436,745,normal,0
0.0366,0,3,70,445,normal,0
0.5293,0,3,776,3207,normal,0
0.0303,0,0,41,51,ddos_attack,1
0.0979,0,4,838,8,honeypot_probe,1
0.2893,1,1,348,4000,normal,0
0.5935,1,1,543,2388,normal,0
0.2686,0,0,301,798,normal,0
0.0013,0,0,37,49,ddos_attack,1
1.5685,0,2,492,666,normal,0
0.0509,0,4,409,34,honeypot_probe,1
0.9579,0,1,727,2057,normal,0
0.5864,0,0,1412,815,normal,0
1.1053,0,0,730,860,normal,0
0.0177,0,4,1292,54,honeypot_probe,1
0.0235,0,0,63,44,ddos_attack,1
0.431,1,1,1380,2800,normal,0
0.0091,0,0,12,7,ddos_attack,1
0.1945,0,0,1045,3347,normal,0
0.0006,0,0,20,16,ddos_attack,1
0.013,0,3,24,61,ddos_attack,1
0.0495,0,1,1041,411,normal,0
0.5236,0,0,1182,3832,normal,0
0.1485,0,4,1838,35,honeypot_probe,1
0.2212,0,1,1170,2599,normal,0
1.2995,0,1,440,3152,normal,0
0.1029,0,2,869,1517,normal,0
0.0123,0,0,20,53,ddos_attack,1
0.01,0,1,20,46,ddos_attack,1
0.6573,0,1,892,2315,normal,0
0.0066,0,1,50,42,ddos_attack,1
0.0016,0,3,23,36,ddos_attack,1
1.2713,0,0,434,2017,normal,0
0.5024,0,1,145,1634,normal,0
0.5943,0,1,766,1158,normal,0
0.039,0,0,201,494,normal,0
0.0102,0,1,21,39,ddos_attack,1
0.0035,0,0,17,32,ddos_attack,1
0.0104,0,0,55,23,ddos_attack,1
0.9416,1,3,1077,942,normal,0
1.0846,0,3,1299,1205,normal,0
0.0194,0,0,1133,3791,normal,0
0.0119,0,0,17,33,ddos_attack,1
0.5597,1,2,237,2812,normal,0
1.8786,0,1,1110,3451,normal,0
0.0202,0,0,51,3,ddos_attack,1
0.1632,0,1,949,551,normal,0
0.0007,0,0,58,50,ddos_attack,1
0.0323,1,3,976,1956,normal,0
0.87,0,1,1465,3093,normal,0
0.0006,0,1,30,63,ddos_attack,1
0.2066,0,0,861,1128,normal,0
0.265,0,0,200,340,normal,0
0.6448,0,0,493,3379,normal,0
1.2638,0,0,1395,3529,normal,0
0.0013,0,1,53,24,ddos_attack,1
0.9422,1,1,349,1391,normal,0
0.0186,0,0,50,9,ddos_attack,1
0.1666,1,1,1356,1772,normal,0
0.1238,0,1,300,2828,normal,0
0.0277,0,2,916,1268,normal,0
0.4577,1,1,1267,3431,normal,0
0.0233,0,4,1468,80,honeypot_probe,1
0.1091,1,3,867,255,normal,0
0.4153,0,1,738,2889,normal,0
0.0642,0,1,567,1398,normal,0
0.3499,0,1,1247,2597,normal,0
0.0026,0,0,39,42,ddos_attack,1
0.1971,0,0,921,1515,normal,0
0.7023,0,3,1391,3204,normal,0
0.0048,0,0,58,59,ddos_attack,1
0.6668,0,0,936,2828,normal,0
0.0128,0,2,782,3264,normal,0
0.3874,0,1,955,2782,normal,0
0.0492,0,4,798,55,honeypot_probe,1
0.0795,0,0,620,3866,normal,0
0.6504,0,3,1470,3711,normal,0
0.0197,0,3,40,1,ddos_attack,1
0.4111,0,0,310,3123,normal,0
0.157,0,1,309,1292,normal,0
0.7856,0,3,986,919,normal,0
0.0285,0,4,1012,7,honeypot_probe,1
0.6871,0,1,223,871,normal,0
0.0101,0,3,33,10,ddos_attack,1
0.1076,0,0,501,412,normal,0
0.0569,0,4,1925,70,honeypot_probe,1
0.011,0,4,1214,95,honeypot_probe,1
0.0386,0,4,1740,19,honeypot_probe,1
0.5528,0,1,97,423,normal,0
1.6938,0,2,191,3010,normal,0
0.1579,0,1,1331,2739,normal,0
0.0005,0,0,56,27,ddos_attack,1
0.0016,0,3,21,49,ddos_attack,1
0.1114,0,2,261,1165,normal,0
0.0239,0,3,429,2576,normal,0
0.4537,1,2,118,2936,normal,0
0.8473,1,1,950,2439,normal,0
0.3488,0,0,976,2856,normal,0
1.681,0,1,1004,899,normal,0
0.0015,0,1,11,45,ddos_attack,1
0.2422,0,4,525,21,honeypot_probe,1
0.5326,0,0,941,1400,normal,0
1.2142,1,0,98,1558,normal,0
0.3168,0,2,158,2751,normal,0
0.0342,0,4,295,96,honeypot_probe,1
0.0154,0,1,63,6,ddos_attack,1
0.9932,0,0,1192,2545,normal,0
0.0106,0,0,35,23,ddos_attack,1
2.0689,0,1,394,737,normal,0
0.1428,0,4,1884,4,honeypot_probe,1
1.0024,0,1,345,1353,normal,0
1.0248,0,1,1155,1741,normal,0
1.1073,0,0,1117,3131,normal,0
1.2272,0,2,244,4001,normal,0
0.0017,0,0,22,47,ddos_attack,1
0.0351,0,4,635,61,honeypot_probe,1
0.5462,0,1,1046,3234,normal,0
0.0057,0,0,53,47,ddos_attack,1
0.0048,0,0,979,2403,normal,0
0.7509,0,1,377,3573,normal,0
0.0423,0,0,1429,846,normal,0
0.1645,0,2,215,3721,normal,0
0.0279,0,4,1137,31,honeypot_probe,1
0.0025,0,3,62,9,ddos_attack,1
0.3357,0,0,1332,4082,normal,0
0.4975,0,3,939,2746,normal,0
0.0001,0,0,26,24,ddos_attack,1
0.4623,1,3,1159,2796,normal,0
0.002,0,0,49,62,ddos_attack,1
0.0541,0,0,450,2085,normal,0
0.0554,0,4,267,53,honeypot_probe,1
1.0475,0,1,96,1525,normal,0
0.3222,1,1,1195,223,normal,0
0.0037,0,3,334,1926,normal,0
0.0036,0,4,1392,20,honeypot_probe,1
0.7618,0,0,377,2665,normal,0
0.5388,0,2,307,2416,normal,0
0.313,0,1,150,1008,normal,0
0.0005,0,0,37,17,ddos_attack,1
0.0093,0,1,53,45,ddos_attack,1
0.2277,1,1,665,2518,normal,0
0.2365,0,4,532,98,honeypot_probe,1
0.9517,0,2,1095,1174,normal,0
0.2254,0,1,732,2197,normal,0
0.9888,0,1,1351,3502,normal,0
0.3017,0,1,1389,3441,normal,0
0.1641,0,0,457,1758,normal,0
0.0963,0,4,1482,29,honeypot_probe,1
0.0352,0,0,35,34,ddos_attack,1
0.01,0,1,19,20,ddos_attack,1
0.0106,0,0,49,6,ddos_attack,1
0.3727,0,1,855,3754,normal,0
0.7584,0,3,515,3489,normal,0
0.3983,0,0,692,1030,normal,0
1.5224,0,3,662,3040,normal,0
0.0017,0,1,47,2,ddos_attack,1
0.0431,0,4,664,34,honeypot_probe,1
0.3716,0,0,1332,1067,normal,0
0.8606,0,1,1465,3072,normal,0
0.0023,0,4,1967,59,honeypot_probe,1
0.1903,0,1,65,1620,normal,0
0.7241,0,1,1145,2091,normal,0
0.3996,1,0,1476,1349,normal,0
0.2711,0,1,658,2676,normal,0
0.0058,0,3,11,2,ddos_attack,1
0.4077,0,1,910,1730,normal,0
0.0765,0,3,1252,2394,normal,0
1.1354,1,1,350,1696,normal,0
0.1582,0,4,493,40,honeypot_probe,1
0.4108,0,4,630,21,honeypot_probe,1
0.1091,0,4,370,60,honeypot_probe,1
0.222,0,4,1188,44,honeypot_probe,1
0.0775,0,0,776,1686,normal,0
0.5468,0,1,1078,2800,normal,0
0.1975,0,2,734,2897,normal,0
0.0001,0,2,1448,1892,normal,0
0.44,0,1,1375,1804,normal,0
0.8752,0,1,485,3213,normal,0
0.525,0,0,348,1240,normal,0
0.0089,0,2,208,3123,normal,0
0.3443,0,3,551,1901,normal,0
0.0536,0,4,1544,86,honeypot_probe,1
0.7531,0,0,492,3600,normal,0
0.1415,0,0,965,1935,normal,0
0.2496,1,3,434,2666,normal,0
0.0843,0,4,748,24,honeypot_probe,1
0.7696,0,2,151,590,normal,0
0.1585,0,1,1284,896,normal,0
0.1005,0,2,1389,2362,normal,0
0.608,0,3,85,2243,normal,0
0.0064,0,3,38,0,ddos_attack,1
0.0722,0,0,994,3864,normal,0
0.0059,0,0,14,16,ddos_attack,1
0.2781,0,4,382,15,honeypot_probe,1
0.6552,0,2,1043,2181,normal,0
0.2209,0,2,1187,1241,normal,0
0.0019,0,1,60,19,ddos_attack,1
0.364,0,3,355,3060,normal,0
0.0392,0,1,30,51,ddos_attack,1
0.3702,0,1,1143,3022,normal,0
0.0722,0,4,425,89,honeypot_probe,1
0.7884,0,2,1263,771,normal,0
0.4355,1,1,1026,4071,normal,0
0.488,0,3,1006,473,normal,0
0.0027,0,4,666,90,honeypot_probe,1
0.3549,0,3,1174,3357,normal,0
0.115,0,4,940,3,honeypot_probe,1
0.01,0,1,17,55,ddos_attack,1
0.256,0,1,1244,2600,normal,0
0.0035,0,0,61,30,ddos_attack,1
0.1679,0,4,655,33,honeypot_probe,1
0.9611,0,1,455,2749,normal,0
0.3356,0,0,1086,1242,normal,0
0.0341,0,4,272,77,honeypot_probe,1
0.5558,0,2,748,1316,normal,0
0.7435,1,1,946,1099,normal,0
0.0386,0,0,620,2876,normal,0
0.3106,0,1,945,3551,normal,0
0.2182,0,1,94,2497,normal,0
0.8137,0,1,434,2476,normal,0
0.4902,0,1,765,268,normal,0
0.2096,0,4,1329,91,honeypot_probe,1
0.029,0,2,516,469,normal,0
1.4416,0,2,1034,1734,normal,0
0.0013,0,1,43,62,ddos_attack,1
0.898,0,0,1320,1080,normal,0
1.0923,0,1,1044,2247,normal,0
0.0141,0,1,19,7,ddos_attack,1
0.5369,0,4,1147,2,honeypot_probe,1
0.648,0,2,552,2677,normal,0
0.2032,0,0,485,1602,normal,0
0.0033,0,0,33,12,ddos_attack,1
0.8755,0,0,392,2693,normal,0
0.0111,0,0,23,3,ddos_attack,1
0.0642,0,1,1074,1808,normal,0
1.577,0,3,205,3347,normal,0
0.0715,0,1,248,2458,normal,0
1.0698,1,0,404,731,normal,0
0.5688,0,2,603,2614,normal,0
0.3664,0,3,1483,2117,normal,0
1.1704,0,2,172,976,normal,0
0.0423,0,3,1296,605,normal,0
0.0675,0,0,555,2274,normal,0
1.1437,0,1,954,2206,normal,0
0.1242,0,1,431,613,normal,0
0.0022,0,0,51,54,ddos_attack,1
0.0057,0,3,652,3560,normal,0
0.6522,0,0,663,2853,normal,0
0.0018,0,3,57,37,ddos_attack,1
0.1264,0,4,1975,89,honeypot_probe,1
0.0759,0,2,449,3335,normal,0
0.3574,1,3,928,1116,normal,0
0.013,0,0,1457,2518,normal,0
0.3429,0,0,167,3611,normal,0
1.6656,0,1,696,992,normal,0
0.758,0,2,259,1116,normal,0
0.0872,1,0,981,2873,normal,0
0.2125,0,0,1023,3080,normal,0
0.1405,0,0,396,1325,normal,0
0.0257,0,1,26,12,ddos_attack,1
0.3105,0,0,313,269,normal,0
0.1525,0,4,695,95,honeypot_probe,1
0.4228,0,4,1040,75,honeypot_probe,1
0.0345,0,2,872,3378,normal,0
0.8695,1,2,1062,3386,normal,0
0.0122,0,1,10,10,ddos_attack,1
0.0574,0,3,949,1036,normal,0
0.2782,0,4,1475,75,honeypot_probe,1
0.0062,0,0,62,1,ddos_attack,1
0.538,0,1,1096,276,normal,0
0.128,0,0,1475,2042,normal,0
0.0413,0,4,283,57,honeypot_probe,1
0.3466,0,0,1004,397,normal,0
1.2386,1,0,873,1180,normal,0
0.0004,0,0,63,13,ddos_attack,1
0.1041,0,3,939,3087,normal,0
0.0041,0,0,56,57,ddos_attack,1
0.1644,0,2,947,2909,normal,0
0.401,0,2,696,3064,normal,0
0.0979,0,4,766,50,honeypot_probe,1
0.0708,0,1,700,3290,normal,0
0.004,0,1,55,11,ddos_attack,1
0.1384,0,4,1707,26,honeypot_probe,1
0.1333,0,4,448,16,honeypot_probe,1
0.274,0,0,679,1544,normal,0
0.0191,0,1,54,11,ddos_attack,1
1.5599,0,1,1411,2320,normal,0
0.1028,0,3,1281,3369,normal,0
0.024,0,1,38,19,ddos_attack,1
1.0026,0,0,82,2187,normal,0
0.2377,0,2,291,503,normal,0
0.6887,0,2,896,1934,normal,0
0.0077,0,1,63,59,ddos_attack,1
0.0182,0,1,49,34,ddos_attack,1
0.0469,0,1,1407,802,normal,0
0.5251,0,2,458,900,normal,0
0.0593,0,0,137,3683,normal,0
1.949,0,1,1029,486,normal,0
1.6226,1,3,119,1006,normal,0
0.589,0,2,1248,3605,normal,0
0.0326,0,0,60,55,ddos_attack,1
0.784,0,2,558,1266,normal,0
0.5277,0,0,1188,1347,normal,0
0.3568,0,4,672,7,honeypot_probe,1
0.6242,0,0,295,2276,normal,0
0.0058,0,0,507,245,normal,0
0.1746,0,0,539,1833,normal,0
0.0269,0,4,1604,98,honeypot_probe,1
0.8559,0,0,953,3089,normal,0
0.3575,0,4,1490,81,honeypot_probe,1
0.0399,0,4,540,56,honeypot_probe,1
0.3559,0,1,1487,526,normal,0
0.2174,0,3,374,2496,normal,0
0.1537,1,0,116,1215,normal,0
1.0964,0,1,223,4087,normal,0
0.0899,0,4,1337,21,honeypot_probe,1
0.2095,0,1,192,1083,normal,0
1.0735,0,3,92,3180,normal,0
0.3107,0,2,399,697,normal,0
0.0152,0,0,91,3354,normal,0
0.6188,0,0,1120,2264,normal,0
0.6297,0,2,195,2465,normal,0
0.5105,0,1,851,3182,normal,0
0.0837,1,2,496,4058,normal,0
1.4061,0,1,1429,2828,normal,0
1.3302,1,1,951,2983,normal,0
0.0864,1,0,969,3355,normal,0
0.0171,0,1,35,17,ddos_attack,1
0.5223,0,4,1392,5,honeypot_probe,1
0.2737,0,2,318,1778,normal,0
0.052,0,4,1189,7,honeypot_probe,1
0.328,0,1,714,1405,normal,0
1.3174,1,2,692,1342,normal,0
1.1384,0,2,883,2986,normal,0
0.6135,0,1,1104,1371,normal,0
0.4215,0,1,1111,1692,normal,0
0.1618,0,0,279,2931,normal,0
0.3744,0,0,271,2199,normal,0
0.0198,0,0,16,62,ddos_attack,1
0.0035,0,0,42,18,ddos_attack,1
0.0268,0,2,1436,1240,normal,0
0.29,0,0,1401,454,normal,0
0.1084,1,1,152,1286,normal,0
0.0047,0,0,24,20,ddos_attack,1
0.0266,0,0,218,1274,normal,0
0.0037,0,1,27,9,ddos_attack,1
0.5013,0,1,408,2818,normal,0
0.2121,0,0,584,689,normal,0
0.0431,0,4,801,33,honeypot_probe,1
0.6433,0,1,427,235,normal,0
0.1753,0,0,367,1096,normal,0
0.5434,0,2,801,1116,normal,0
0.8825,1,2,286,1417,normal,0
0.1115,0,4,1680,81,honeypot_probe,1
0.17,0,4,821,14,honeypot_probe,1
0.0049,0,1,49,4,ddos_attack,1
0.0889,0,4,757,13,honeypot_probe,1
0.7106,0,1,729,3226,normal,0
0.218,0,0,909,217,normal,0
0.9449,1,2,1173,2233,normal,0
0.0076,0,1,21,50,ddos_attack,1
0.5725,0,3,966,2081,normal,0
0.6438,0,0,942,3251,normal,0
0.0025,0,0,404,3935,normal,0
0.0008,0,0,24,56,ddos_attack,1
1.7036,0,2,407,3211,normal,0
0.035,0,0,41,28,ddos_attack,1
2.4138,0,2,1396,3165,normal,0
0.0893,0,4,1444,81,honeypot_probe,1
0.0814,0,4,970,34,honeypot_probe,1
0.0917,0,4,804,2,honeypot_probe,1
0.4108,0,1,297,2151,normal,0
0.3229,0,1,476,1169,normal,0
0.8955,0,0,214,3460,normal,0
0.135,0,0,1258,533,normal,0
0.174,0,1,196,391,normal,0
0.1717,0,4,468,82,honeypot_probe,1
0.0034,0,0,14,31,ddos_attack,1
0.8088,0,0,482,2386,normal,0
0.8241,0,0,1260,1280,normal,0
0.0075,0,1,62,57,ddos_attack,1
0.1072,0,0,581,869,normal,0
0.2391,0,1,1457,531,normal,0
1.7057,0,2,409,2778,normal,0
0.0893,0,4,1077,94,honeypot_probe,1
0.0093,0,0,38,30,ddos_attack,1
0.3335,0,2,631,3937,normal,0
1.5861,1,3,1044,997,normal,0
1.0608,0,0,257,391,normal,0
0.0011,0,1,32,6,ddos_attack,1
0.285,0,3,1444,3665,normal,0
1.4656,0,1,1087,3750,normal,0
0.0199,0,4,1810,12,honeypot_probe,1
0.346,0,2,1018,2570,normal,0
0.7565,0,2,1133,2843,normal,0
0.1087,0,4,477,21,honeypot_probe,1
1.1267,0,0,301,2163,normal,0
0.0426,1,0,787,1569,normal,0
0.707,0,1,1129,3548,normal,0
0.0014,0,0,28,16,ddos_attack,1
0.0526,0,4,765,78,honeypot_probe,1
0.2378,1,0,610,3857,normal,0
0.1261,0,2,1323,1985,normal,0
0.1098,0,3,979,2213,normal,0
0.0002,0,1,48,30,ddos_attack,1
0.0255,0,1,18,38,ddos_attack,1
0.0659,0,1,663,229,normal,0
0.4342,0,1,222,3313,normal,0
0.0221,0,3,42,45,ddos_attack,1
0.0084,0,0,39,43,ddos_attack,1
0.2733,0,0,1322,229,normal,0
0.0223,0,0,19,21,ddos_attack,1
0.1046,0,4,760,79,honeypot_probe,1
0.7847,0,0,73,2605,normal,0
0.8736,0,2,1297,1290,normal,0
0.1324,0,4,1501,51,honeypot_probe,1
0.0911,0,4,1895,18,honeypot_probe,1
0.0582,0,0,881,921,normal,0
0.1037,0,1,882,726,normal,0
0.6809,0,3,606,2542,normal,0
0.103,0,2,115,691,normal,0
0.0743,0,4,1633,66,honeypot_probe,1
0.033,0,4,1594,93,honeypot_probe,1
0.5693,0,1,582,3983,normal,0
1.1391,1,2,1158,3908,normal,0
0.4666,0,3,888,3422,normal,0
0.0053,0,1,40,40,ddos_attack,1
0.168,0,0,764,3739,normal,0
0.3219,0,1,368,229,normal,0
0.1077,0,1,211,1950,normal,0
0.3944,0,2,562,282,normal,0
0.368,0,2,362,3253,normal,0
0.182,0,3,507,2005,normal,0
0.0398,0,4,1125,9,honeypot_probe,1
0.0085,0,1,57,18,ddos_attack,1
0.0248,0,0,33,12,ddos_attack,1
0.0145,0,4,1966,71,honeypot_probe,1
0.0602,1,1,1415,1481,normal,0
0.1256,0,1,1018,1602,normal,0
0.2447,0,0,695,3570,normal,0
0.2605,0,0,225,2920,normal,0
0.5714,1,1,918,1257,normal,0
1.3594,0,2,99,3401,normal,0
0.3243,0,1,623,1301,normal,0
0.0006,0,0,60,34,ddos_attack,1
0.0215,0,0,50,4,ddos_attack,1
0.3649,0,4,289,61,honeypot_probe,1
0.2382,0,1,70,2013,normal,0
0.056,1,3,153,3687,normal,0
1.5329,0,2,464,484,normal,0
0.7125,1,2,411,3703,normal,0
0.5657,0,0,366,2377,normal,0
0.0191,0,4,213,19,honeypot_probe,1
1.1283,0,0,247,1971,normal,0
0.6288,1,0,1480,3547,normal,0
0.1914,0,4,783,86,honeypot_probe,1
2.4135,0,3,485,1722,normal,0
0.7585,0,1,321,2968,normal,0
0.8347,0,3,425,3081,normal,0
0.011,0,1,627,3352,normal,0
0.4065,1,3,78,3256,normal,0
0.0054,0,3,605,1657,normal,0
0.1858,0,1,468,1550,normal,0
0.0759,0,1,656,2361,normal,0
0.1801,0,1,65,2691,normal,0
0.0865,0,0,499,2528,normal,0
0.2005,0,0,1170,201,normal,0
0.7416,0,3,1410,1331,normal,0
0.2043,1,3,1136,3189,normal,0
